2026-04-13 21:33:32,842 [INFO] Activator:176 - 


2026-04-13 21:33:32,851 [INFO] Activator:177 - !SESSION log4j initialized
2026-04-13 21:33:39,974 [INFO] LogOutputStream:77 - [STDOUT_REDIRECT] 
2026-04-13 21:33:42,205 [INFO] ApplicationProperties:184 - Using Application install path: C:\ST\STM32CubeIDE_1.19.0\STM32CubeIDE\plugins\com.st.stm32cube.common.mx_6.15.0.202507011659
2026-04-13 21:33:42,238 [INFO] DbMcusXml:78 - Set database path to: C:\ST\STM32CubeIDE_1.19.0\STM32CubeIDE\plugins\com.st.stm32cube.common.mx_6.15.0.202507011659\\db\/mcu/
2026-04-13 21:33:42,238 [INFO] ApiDb:274 - Set plugin database path to: C:\ST\STM32CubeIDE_1.19.0\STM32CubeIDE\plugins\com.st.stm32cube.common.mx_6.15.0.202507011659\\db\/plugins/boardmanager/
2026-04-13 21:33:42,238 [WARN] ApiDb:259 - Overriding images path with different value:  => C:\ST\STM32CubeIDE_1.19.0\STM32CubeIDE\plugins\com.st.stm32cube.common.mx_6.15.0.202507011659\\db\/plugins/mcufinder/images/
2026-04-13 21:33:42,262 [INFO] ApiDb:250 - Set database path to: C:\Users\Usuario\.stmcufinder\plugins\mcufinder//mcu/
2026-04-13 21:33:42,264 [INFO] DbMcusAds:125 - Set database path to: C:\Users\Usuario\.stmcufinder\plugins\mcufinder//mcu/
2026-04-13 21:33:42,268 [INFO] CrossReferenceDbSqlite:203 - Set database path to: C:\Users\Usuario\.stmcufinder\plugins\mcufinder//mcu/cs/
2026-04-13 21:33:42,478 [INFO] RulesReader:64 - Compatibility file has been processed (317 Rules)
2026-04-13 21:33:42,628 [INFO] DbMcusXml:78 - Set database path to: C:\ST\STM32CubeIDE_1.19.0\STM32CubeIDE\plugins\com.st.stm32cube.common.mx_6.15.0.202507011659\\db\/mcu/
2026-04-13 21:33:42,628 [INFO] ApiDb:274 - Set plugin database path to: C:\ST\STM32CubeIDE_1.19.0\STM32CubeIDE\plugins\com.st.stm32cube.common.mx_6.15.0.202507011659\\db\/plugins/boardmanager/
2026-04-13 21:33:42,628 [INFO] ApiDb:261 - Set plugin images path to: C:\ST\STM32CubeIDE_1.19.0\STM32CubeIDE\plugins\com.st.stm32cube.common.mx_6.15.0.202507011659\\db\/plugins/mcufinder/images/
2026-04-13 21:33:42,629 [WARN] DbFile:41 - Overriding database path with different value: C:\Users\Usuario\.stmcufinder\plugins\mcufinder/ => C:\Users\Usuario\.stmcufinder\plugins\mcufinder
2026-04-13 21:33:42,629 [INFO] ApiDb:250 - Set database path to: C:\Users\Usuario\.stmcufinder\plugins\mcufinder//mcu/
2026-04-13 21:33:42,629 [WARN] DbFile:41 - Overriding database path with different value: C:\Users\Usuario\.stmcufinder\plugins\mcufinder/ => C:\Users\Usuario\.stmcufinder\plugins\mcufinder
2026-04-13 21:33:42,629 [INFO] DbMcusAds:125 - Set database path to: C:\Users\Usuario\.stmcufinder\plugins\mcufinder//mcu/
2026-04-13 21:33:42,630 [WARN] DbFile:41 - Overriding database path with different value: C:\Users\Usuario\.stmcufinder\plugins\mcufinder/ => C:\Users\Usuario\.stmcufinder\plugins\mcufinder
2026-04-13 21:33:42,630 [WARN] DbFile:41 - Overriding database path with different value: C:\Users\Usuario\.stmcufinder\plugins\mcufinder/ => C:\Users\Usuario\.stmcufinder\plugins\mcufinder
2026-04-13 21:33:42,630 [INFO] CrossReferenceDbSqlite:203 - Set database path to: C:\Users\Usuario\.stmcufinder\plugins\mcufinder//mcu/cs/
2026-04-13 21:33:42,778 [INFO] MainPanel:274 - HeapMemory: 268435456
2026-04-13 21:33:42,998 [INFO] DbMcusXml:78 - Set database path to: C:\ST\STM32CubeIDE_1.19.0\STM32CubeIDE\plugins\com.st.stm32cube.common.mx_6.15.0.202507011659\\db\/mcu/
2026-04-13 21:33:42,999 [INFO] ApiDb:274 - Set plugin database path to: C:\ST\STM32CubeIDE_1.19.0\STM32CubeIDE\plugins\com.st.stm32cube.common.mx_6.15.0.202507011659\\db\/plugins/boardmanager/
2026-04-13 21:33:42,999 [INFO] ApiDb:261 - Set plugin images path to: C:\ST\STM32CubeIDE_1.19.0\STM32CubeIDE\plugins\com.st.stm32cube.common.mx_6.15.0.202507011659\\db\/plugins/mcufinder/images/
2026-04-13 21:33:43,000 [WARN] DbFile:41 - Overriding database path with different value: C:\Users\Usuario\.stmcufinder\plugins\mcufinder/ => C:\Users\Usuario\.stmcufinder\plugins\mcufinder
2026-04-13 21:33:43,000 [INFO] ApiDb:250 - Set database path to: C:\Users\Usuario\.stmcufinder\plugins\mcufinder//mcu/
2026-04-13 21:33:43,001 [WARN] DbFile:41 - Overriding database path with different value: C:\Users\Usuario\.stmcufinder\plugins\mcufinder/ => C:\Users\Usuario\.stmcufinder\plugins\mcufinder
2026-04-13 21:33:43,001 [INFO] DbMcusAds:125 - Set database path to: C:\Users\Usuario\.stmcufinder\plugins\mcufinder//mcu/
2026-04-13 21:33:43,001 [WARN] DbFile:41 - Overriding database path with different value: C:\Users\Usuario\.stmcufinder\plugins\mcufinder/ => C:\Users\Usuario\.stmcufinder\plugins\mcufinder
2026-04-13 21:33:43,001 [WARN] DbFile:41 - Overriding database path with different value: C:\Users\Usuario\.stmcufinder\plugins\mcufinder/ => C:\Users\Usuario\.stmcufinder\plugins\mcufinder
2026-04-13 21:33:43,002 [INFO] CrossReferenceDbSqlite:203 - Set database path to: C:\Users\Usuario\.stmcufinder\plugins\mcufinder//mcu/cs/
2026-04-13 21:33:43,038 [INFO] ApplicationProperties:184 - Using Application install path: C:\ST\STM32CubeIDE_1.19.0\STM32CubeIDE\plugins\com.st.stm32cube.common.mx_6.15.0.202507011659
2026-04-13 21:33:43,041 [INFO] PluginManage:196 - Search for loadable plugins [exclusion list=, ]
2026-04-13 21:33:43,044 [INFO] PluginManage:310 - Check plugin analytics
2026-04-13 21:33:43,302 [INFO] AnalyticsPlugin:253 - Accepted Software Licenses: 
2026-04-13 21:33:43,303 [INFO] AnalyticsPlugin:255 - Accepted CMSIS Pack Licenses: 
2026-04-13 21:33:43,303 [INFO] AnalyticsPlugin:257 - Accepted Firmware Licenses: 
2026-04-13 21:33:43,307 [INFO] PluginManage:359 - Loaded plugin analytics (category:tool,tabindex:-1)
2026-04-13 21:33:43,307 [INFO] PluginManage:310 - Check plugin cadmodel
2026-04-13 21:33:43,323 [INFO] CADModel:105 - Init CAD model plugin
2026-04-13 21:33:43,323 [INFO] PluginManage:359 - Loaded plugin cadmodel (category:power,tabindex:5)
2026-04-13 21:33:43,324 [INFO] PluginManage:310 - Check plugin clock
2026-04-13 21:33:43,351 [INFO] PluginManage:359 - Loaded plugin clock (category:base,tabindex:2)
2026-04-13 21:33:43,352 [INFO] PluginManage:310 - Check plugin ddr
2026-04-13 21:33:43,358 [INFO] PluginManage:359 - Loaded plugin ddr (category:tool,tabindex:6)
2026-04-13 21:33:43,359 [INFO] PluginManage:310 - Check plugin filemanager
2026-04-13 21:33:43,653 [INFO] PluginManage:359 - Loaded plugin filemanager (category:base,tabindex:10)
2026-04-13 21:33:43,654 [INFO] PluginManage:310 - Check plugin ipmanager
2026-04-13 21:33:43,671 [INFO] PluginManage:359 - Loaded plugin ipmanager (category:base,tabindex:5)
2026-04-13 21:33:43,671 [INFO] PluginManage:310 - Check plugin lpbam
2026-04-13 21:33:43,692 [INFO] PluginManage:359 - Loaded plugin lpbam (category:base,tabindex:0)
2026-04-13 21:33:43,693 [INFO] PluginManage:310 - Check plugin memorymap
2026-04-13 21:33:43,725 [INFO] PluginManage:359 - Loaded plugin memorymap (category:base,tabindex:4)
2026-04-13 21:33:43,725 [INFO] PluginManage:310 - Check plugin pinoutandconfiguration
2026-04-13 21:33:43,740 [INFO] PluginManage:359 - Loaded plugin pinoutandconfiguration (category:base,tabindex:1)
2026-04-13 21:33:43,740 [INFO] PluginManage:310 - Check plugin pinoutconfig
2026-04-13 21:33:43,946 [WARN] SupportedApi:132 - Cannot load RTOS API schema: s4s-elt-must-match.1: The content of 'definitions' must match (annotation?, (simpleType | complexType)?, (unique | key | keyref)*)). A problem was found starting at: attribute.
2026-04-13 21:33:44,246 [INFO] PluginManage:359 - Loaded plugin pinoutconfig (category:base,tabindex:0)
2026-04-13 21:33:44,246 [INFO] PluginManage:310 - Check plugin power
2026-04-13 21:33:44,266 [INFO] PluginManage:359 - Loaded plugin power (category:power,tabindex:4)
2026-04-13 21:33:44,266 [INFO] PluginManage:310 - Check plugin projectmanager
2026-04-13 21:33:44,287 [INFO] PluginManage:359 - Loaded plugin projectmanager (category:projectmanager,tabindex:4)
2026-04-13 21:33:44,287 [INFO] PluginManage:310 - Check plugin rif
2026-04-13 21:33:44,304 [INFO] PluginManage:359 - Loaded plugin rif (category:base,tabindex:3)
2026-04-13 21:33:44,304 [INFO] PluginManage:310 - Check plugin thirdparty
2026-04-13 21:33:44,566 [INFO] PluginManage:359 - Loaded plugin thirdparty (category:base,tabindex:-1)
2026-04-13 21:33:44,566 [WARN] IntegrityCheckThread:84 - waiting for thirdparty lock release [integrity check]
2026-04-13 21:33:44,566 [INFO] IntegrityCheckThread:86 - entering critical section [integrity check]
2026-04-13 21:33:44,566 [INFO] PluginManage:310 - Check plugin tools
2026-04-13 21:33:44,567 [INFO] ThirdPartyUpdaterWithRetryManager:70 - Updater plugin not ready yet. [1/15]
2026-04-13 21:33:44,572 [INFO] PluginManage:359 - Loaded plugin tools (category:base,tabindex:7)
2026-04-13 21:33:44,572 [INFO] PluginManage:310 - Check plugin tutovideos
2026-04-13 21:33:44,948 [INFO] PluginManage:359 - Loaded plugin tutovideos (category:base,tabindex:-1)
2026-04-13 21:33:44,948 [INFO] PluginManage:310 - Check plugin updater
2026-04-13 21:33:44,992 [INFO] PluginManage:359 - Loaded plugin updater (category:base,tabindex:12)
2026-04-13 21:33:44,993 [INFO] PluginManage:310 - Check plugin userauth
2026-04-13 21:33:45,000 [INFO] UserAuth:118 - Init User Auth plugin
2026-04-13 21:33:45,001 [INFO] PluginManage:359 - Loaded plugin userauth (category:base,tabindex:14)
2026-04-13 21:33:45,002 [INFO] PluginManage:283 - PluginManage : Loaded plugins [18]
2026-04-13 21:33:45,413 [INFO] PinOutPanel:1589 - setPackage(No Configuration,No Configuration)
2026-04-13 21:33:45,577 [INFO] CADModel:165 - CPN selected for project level
2026-04-13 21:33:45,578 [INFO] CADModel:114 - Register for checkConnection events
2026-04-13 21:33:45,610 [INFO] IPUIPlugin:80 - create IPUIPlugin
2026-04-13 21:33:45,611 [INFO] PluginManager:220 - loadIPPluginJar : add adc
2026-04-13 21:33:45,620 [INFO] IPUIPlugin:80 - create IPUIPlugin
2026-04-13 21:33:45,620 [INFO] PluginManager:220 - loadIPPluginJar : add aes
2026-04-13 21:33:45,627 [INFO] IPUIPlugin:80 - create IPUIPlugin
2026-04-13 21:33:45,627 [INFO] PluginManager:220 - loadIPPluginJar : add can
2026-04-13 21:33:45,634 [INFO] IPUIPlugin:80 - create IPUIPlugin
2026-04-13 21:33:45,634 [INFO] PluginManager:220 - loadIPPluginJar : add comp
2026-04-13 21:33:45,642 [INFO] IPUIPlugin:80 - create IPUIPlugin
2026-04-13 21:33:45,642 [INFO] PluginManager:220 - loadIPPluginJar : add cryp
2026-04-13 21:33:45,651 [INFO] IPUIPlugin:80 - create IPUIPlugin
2026-04-13 21:33:45,651 [INFO] PluginManager:220 - loadIPPluginJar : add ddr_ctrl_phy
2026-04-13 21:33:45,659 [INFO] IPUIPlugin:80 - create IPUIPlugin
2026-04-13 21:33:45,659 [INFO] PluginManager:220 - loadIPPluginJar : add dfsdm
2026-04-13 21:33:45,674 [INFO] IPUIPlugin:80 - create IPUIPlugin
2026-04-13 21:33:45,675 [INFO] PluginManager:220 - loadIPPluginJar : add dma
2026-04-13 21:33:45,682 [INFO] IPUIPlugin:80 - create IPUIPlugin
2026-04-13 21:33:45,683 [INFO] PluginManager:220 - loadIPPluginJar : add dma3
2026-04-13 21:33:45,692 [INFO] IPUIPlugin:80 - create IPUIPlugin
2026-04-13 21:33:45,692 [INFO] PluginManager:220 - loadIPPluginJar : add extmemmanager
2026-04-13 21:33:45,698 [INFO] IPUIPlugin:80 - create IPUIPlugin
2026-04-13 21:33:45,698 [INFO] PluginManager:220 - loadIPPluginJar : add fatfs
2026-04-13 21:33:45,709 [INFO] IPUIPlugin:80 - create IPUIPlugin
2026-04-13 21:33:45,709 [INFO] PluginManager:220 - loadIPPluginJar : add fmc
2026-04-13 21:33:45,722 [INFO] IPUIPlugin:80 - create IPUIPlugin
2026-04-13 21:33:45,722 [INFO] PluginManager:220 - loadIPPluginJar : add freertos
2026-04-13 21:33:45,728 [INFO] IPUIPlugin:80 - create IPUIPlugin
2026-04-13 21:33:45,729 [INFO] PluginManager:220 - loadIPPluginJar : add genericplugin
2026-04-13 21:33:45,734 [INFO] IPUIPlugin:80 - create IPUIPlugin
2026-04-13 21:33:45,734 [INFO] PluginManager:220 - loadIPPluginJar : add gfxmmu
2026-04-13 21:33:45,746 [INFO] IPUIPlugin:80 - create IPUIPlugin
2026-04-13 21:33:45,747 [INFO] PluginManager:220 - loadIPPluginJar : add gic
2026-04-13 21:33:45,758 [INFO] IPUIPlugin:80 - create IPUIPlugin
2026-04-13 21:33:45,758 [INFO] PluginManager:220 - loadIPPluginJar : add gpio
2026-04-13 21:33:45,768 [INFO] IPUIPlugin:80 - create IPUIPlugin
2026-04-13 21:33:45,768 [INFO] PluginManager:220 - loadIPPluginJar : add gtzc
2026-04-13 21:33:45,774 [INFO] IPUIPlugin:80 - create IPUIPlugin
2026-04-13 21:33:45,774 [INFO] PluginManager:220 - loadIPPluginJar : add hash
2026-04-13 21:33:45,780 [INFO] IPUIPlugin:80 - create IPUIPlugin
2026-04-13 21:33:45,781 [INFO] PluginManager:220 - loadIPPluginJar : add i2c
2026-04-13 21:33:45,787 [INFO] IPUIPlugin:80 - create IPUIPlugin
2026-04-13 21:33:45,787 [INFO] PluginManager:220 - loadIPPluginJar : add i2s
2026-04-13 21:33:45,794 [INFO] IPUIPlugin:80 - create IPUIPlugin
2026-04-13 21:33:45,794 [INFO] PluginManager:220 - loadIPPluginJar : add i3c
2026-04-13 21:33:45,802 [INFO] IPUIPlugin:80 - create IPUIPlugin
2026-04-13 21:33:45,802 [INFO] PluginManager:220 - loadIPPluginJar : add ipddr
2026-04-13 21:33:45,818 [INFO] IPUIPlugin:80 - create IPUIPlugin
2026-04-13 21:33:45,818 [INFO] PluginManager:220 - loadIPPluginJar : add linkedlist
2026-04-13 21:33:45,828 [INFO] IPUIPlugin:80 - create IPUIPlugin
2026-04-13 21:33:45,829 [INFO] PluginManager:220 - loadIPPluginJar : add lorawan
2026-04-13 21:33:45,834 [INFO] IPUIPlugin:80 - create IPUIPlugin
2026-04-13 21:33:45,835 [INFO] PluginManager:220 - loadIPPluginJar : add ltdc
2026-04-13 21:33:45,849 [INFO] IPUIPlugin:80 - create IPUIPlugin
2026-04-13 21:33:45,849 [INFO] PluginManager:220 - loadIPPluginJar : add mdma
2026-04-13 21:33:45,858 [INFO] IPUIPlugin:80 - create IPUIPlugin
2026-04-13 21:33:45,858 [INFO] PluginManager:220 - loadIPPluginJar : add nvic
2026-04-13 21:33:45,866 [INFO] IPUIPlugin:80 - create IPUIPlugin
2026-04-13 21:33:45,866 [INFO] PluginManager:220 - loadIPPluginJar : add opamp
2026-04-13 21:33:45,874 [INFO] IPUIPlugin:80 - create IPUIPlugin
2026-04-13 21:33:45,874 [INFO] PluginManager:220 - loadIPPluginJar : add openamp
2026-04-13 21:33:45,882 [INFO] IPUIPlugin:80 - create IPUIPlugin
2026-04-13 21:33:45,882 [INFO] PluginManager:220 - loadIPPluginJar : add pdm2pcm
2026-04-13 21:33:45,893 [INFO] IPUIPlugin:80 - create IPUIPlugin
2026-04-13 21:33:45,896 [INFO] PluginManager:220 - loadIPPluginJar : add plateformsettings
2026-04-13 21:33:45,901 [INFO] IPUIPlugin:80 - create IPUIPlugin
2026-04-13 21:33:45,901 [INFO] PluginManager:220 - loadIPPluginJar : add quadspi
2026-04-13 21:33:45,905 [INFO] IPUIPlugin:80 - create IPUIPlugin
2026-04-13 21:33:45,906 [INFO] PluginManager:220 - loadIPPluginJar : add radio
2026-04-13 21:33:45,915 [INFO] IPUIPlugin:80 - create IPUIPlugin
2026-04-13 21:33:45,915 [INFO] PluginManager:220 - loadIPPluginJar : add resmgrutility
2026-04-13 21:33:45,928 [INFO] IPUIPlugin:80 - create IPUIPlugin
2026-04-13 21:33:45,928 [INFO] PluginManager:220 - loadIPPluginJar : add sai
2026-04-13 21:33:45,938 [INFO] IPUIPlugin:80 - create IPUIPlugin
2026-04-13 21:33:45,938 [INFO] PluginManager:220 - loadIPPluginJar : add spi
2026-04-13 21:33:45,957 [INFO] IPUIPlugin:80 - create IPUIPlugin
2026-04-13 21:33:45,957 [INFO] PluginManager:220 - loadIPPluginJar : add stm32_wpan
2026-04-13 21:33:45,965 [INFO] IPUIPlugin:80 - create IPUIPlugin
2026-04-13 21:33:45,965 [INFO] PluginManager:220 - loadIPPluginJar : add tim
2026-04-13 21:33:45,976 [INFO] IPUIPlugin:80 - create IPUIPlugin
2026-04-13 21:33:45,977 [INFO] PluginManager:220 - loadIPPluginJar : add touchsensing
2026-04-13 21:33:45,983 [INFO] IPUIPlugin:80 - create IPUIPlugin
2026-04-13 21:33:45,983 [INFO] PluginManager:220 - loadIPPluginJar : add tracer_emb
2026-04-13 21:33:45,992 [INFO] IPUIPlugin:80 - create IPUIPlugin
2026-04-13 21:33:45,992 [INFO] PluginManager:220 - loadIPPluginJar : add ts
2026-04-13 21:33:45,996 [INFO] IPUIPlugin:80 - create IPUIPlugin
2026-04-13 21:33:45,996 [INFO] PluginManager:220 - loadIPPluginJar : add tsc
2026-04-13 21:33:46,002 [INFO] IPUIPlugin:80 - create IPUIPlugin
2026-04-13 21:33:46,003 [INFO] PluginManager:220 - loadIPPluginJar : add ucpd
2026-04-13 21:33:46,011 [INFO] IPUIPlugin:80 - create IPUIPlugin
2026-04-13 21:33:46,011 [INFO] PluginManager:220 - loadIPPluginJar : add usart
2026-04-13 21:33:46,023 [INFO] IPUIPlugin:80 - create IPUIPlugin
2026-04-13 21:33:46,023 [INFO] PluginManager:220 - loadIPPluginJar : add usbx
2026-04-13 21:33:46,212 [FATAL] Updater:351 - Updater called before beeing initialized
2026-04-13 21:33:46,253 [INFO] RulesReader:64 - Compatibility file has been processed (317 Rules)
2026-04-13 21:33:46,272 [INFO] RulesReader:64 - Compatibility file has been processed (317 Rules)
2026-04-13 21:33:46,282 [INFO] CADModel:165 - CPN selected for project level
2026-04-13 21:33:46,282 [INFO] CADModel:114 - Register for checkConnection events
2026-04-13 21:33:46,283 [FATAL] Updater:351 - Updater called before beeing initialized
2026-04-13 21:33:46,283 [ERROR] CADModel:125 - Updater not yet initialized, retry later 
2026-04-13 21:33:46,575 [FATAL] Updater:351 - Updater called before beeing initialized
2026-04-13 21:33:46,578 [INFO] CADModel:165 - CPN selected for project level
2026-04-13 21:33:46,578 [INFO] CADModel:114 - Register for checkConnection events
2026-04-13 21:33:46,578 [FATAL] Updater:351 - Updater called before beeing initialized
2026-04-13 21:33:46,578 [ERROR] CADModel:125 - Updater not yet initialized, retry later 
2026-04-13 21:33:46,585 [FATAL] Updater:351 - Updater called before beeing initialized
2026-04-13 21:33:46,736 [FATAL] Updater:351 - Updater called before beeing initialized
2026-04-13 21:33:46,742 [INFO] DbMcusAds:53 - JSON generation date=Thu Mar 05 15:32:52 CET 2026 (1772721172890)
2026-04-13 21:33:46,742 [FATAL] Updater:351 - Updater called before beeing initialized
2026-04-13 21:33:46,830 [WARN] DetailPanel:346 - Failed to get advertising image, set to default
2026-04-13 21:33:47,005 [FATAL] Updater:351 - Updater called before beeing initialized
2026-04-13 21:33:47,008 [FATAL] Updater:351 - Updater called before beeing initialized
2026-04-13 21:33:47,009 [FATAL] Updater:351 - Updater called before beeing initialized
2026-04-13 21:33:47,009 [WARN] DetailPanel:346 - Failed to get advertising image, set to default
2026-04-13 21:33:47,011 [FATAL] Updater:351 - Updater called before beeing initialized
2026-04-13 21:33:47,118 [ERROR] Updater:1198 - MainUpdater not yet initialized. External WinMGr cannot be set.
2026-04-13 21:33:47,123 [INFO] Updater:1134 - Updater Version found : 6.15.0
2026-04-13 21:33:47,164 [INFO] ApplicationProperties:184 - Using Application install path: C:\ST\STM32CubeIDE_1.19.0\STM32CubeIDE\plugins\com.st.stm32cube.common.mx_6.15.0.202507011659
2026-04-13 21:33:47,570 [INFO] ThirdPartyUpdaterWithRetryManager:70 - Updater plugin not ready yet. [2/15]
2026-04-13 21:33:47,755 [INFO] MainUpdater:2872 - connection check result : 10
2026-04-13 21:33:47,755 [INFO] MainUpdater:3604 - Updater definition file requires update
2026-04-13 21:33:47,757 [INFO] MainUpdater:289 - Updater Check For Update Now.
2026-04-13 21:33:47,757 [INFO] MicroXplorer:498 - Change Database Version : DB.6.0.150
2026-04-13 21:33:47,769 [INFO] McuFinderGlobals:63 - Set McuFinder mode to 2 (CubeIDE integrated)
2026-04-13 21:33:47,770 [INFO] UserAuth:487 - Internet connection configuration mode: 1
2026-04-13 21:33:47,809 [INFO] JxBrowserEngine:152 - Initiate JxBrowser Engine with user profile folder
2026-04-13 21:33:47,842 [INFO] ServerAccessManage:452 - Complete download http(s) 200
2026-04-13 21:33:47,845 [INFO] ServerAccessManage:509 - Download File updaters.zip
2026-04-13 21:33:47,966 [INFO] FileExtend:248 - Unzip File : updaters.zip
2026-04-13 21:33:47,966 [INFO] FileExtend:263 - Standard Zip Deflate
2026-04-13 21:33:48,715 [INFO] ServerAccessManage:452 - Complete download http(s) 200
2026-04-13 21:33:48,715 [INFO] ServerAccessManage:509 - Download File PacksControlFlags.xml
2026-04-13 21:33:48,846 [INFO] ServerAccessManage:452 - Complete download http(s) 200
2026-04-13 21:33:48,847 [INFO] ServerAccessManage:509 - Download File cubemx.pidx
2026-04-13 21:33:49,629 [INFO] WebApp:169 - Instantiating new browser for Auth
2026-04-13 21:33:50,575 [WARN] MainUpdater:1193 - Updater busy. Cannot search thirdparties
2026-04-13 21:33:50,575 [INFO] ThirdPartyUpdaterWithRetryManager:96 - Updater plugin is busy. [1/15]
2026-04-13 21:33:50,767 [INFO] ServerAccessManage:452 - Complete download http(s) 200
2026-04-13 21:33:50,768 [INFO] ServerAccessManage:509 - Download File STMicroelectronics.X-CUBE-WB05N.pdsc
2026-04-13 21:33:51,096 [INFO] WebApp:463 - Apply proxy settings
2026-04-13 21:33:51,096 [INFO] WebApp:548 - Chromium requires no authentication
2026-04-13 21:33:51,112 [INFO] WebApp:491 - Direct internet connection detected
2026-04-13 21:33:51,145 [INFO] WebApp:900 - Register for checkConnection events
2026-04-13 21:33:51,145 [INFO] WebApp:463 - Apply proxy settings
2026-04-13 21:33:51,146 [INFO] WebApp:548 - Chromium requires no authentication
2026-04-13 21:33:51,146 [INFO] WebApp:491 - Direct internet connection detected
2026-04-13 21:33:51,197 [INFO] ServerAccessManage:452 - Complete download http(s) 200
2026-04-13 21:33:51,197 [INFO] ServerAccessManage:509 - Download File STMicroelectronics.eDS-WB_DPC_VIENNA.pdsc
2026-04-13 21:33:51,319 [INFO] WebApp:191 - Connection restablished
2026-04-13 21:33:51,464 [INFO] WebApp:225 - Starting web application
2026-04-13 21:33:51,465 [INFO] WebApp:593 - Web application path used C:\ST\STM32CubeIDE_1.19.0\STM32CubeIDE\plugins\com.st.stm32cube.common.mx_6.15.0.202507011659\db\plugins\mcufinder\reactClient1\index.html
2026-04-13 21:33:51,623 [INFO] UserAuth:487 - Internet connection configuration mode: 1
2026-04-13 21:33:51,631 [ERROR] ServerAccessManage:1212 - Problem, file not found on Server
2026-04-13 21:33:51,738 [ERROR] ServerAccessManage:1212 - Problem, file not found on Server
2026-04-13 21:33:51,830 [ERROR] ServerAccessManage:1212 - Problem, file not found on Server
2026-04-13 21:33:51,933 [ERROR] ServerAccessManage:1212 - Problem, file not found on Server
2026-04-13 21:33:52,023 [ERROR] ServerAccessManage:1212 - Problem, file not found on Server
2026-04-13 21:33:52,223 [INFO] ServerAccessManage:452 - Complete download http(s) 200
2026-04-13 21:33:52,223 [INFO] ServerAccessManage:509 - Download File STMicroelectronics.eDS-WB_DPC_TT-BIDIR.pdsc
2026-04-13 21:33:52,422 [ERROR] ServerAccessManage:1212 - Problem, file not found on Server
2026-04-13 21:33:52,535 [ERROR] ServerAccessManage:1212 - Problem, file not found on Server
2026-04-13 21:33:52,661 [ERROR] ServerAccessManage:1212 - Problem, file not found on Server
2026-04-13 21:33:52,761 [ERROR] ServerAccessManage:1212 - Problem, file not found on Server
2026-04-13 21:33:52,948 [INFO] ServerAccessManage:452 - Complete download http(s) 200
2026-04-13 21:33:52,948 [INFO] ServerAccessManage:509 - Download File STMicroelectronics.eDS-WB_DPC_3PH2L-BIDIR.pdsc
2026-04-13 21:33:53,153 [ERROR] ServerAccessManage:1212 - Problem, file not found on Server
2026-04-13 21:33:53,582 [WARN] MainUpdater:1193 - Updater busy. Cannot search thirdparties
2026-04-13 21:33:53,582 [INFO] ThirdPartyUpdaterWithRetryManager:96 - Updater plugin is busy. [2/15]
2026-04-13 21:33:53,590 [WARN] PackLoader:240 - Cannot read IP mode file for STMicroelectronics.X-CUBE-WB05N.2.1.0
2026-04-13 21:33:53,601 [WARN] PackLoader:240 - Cannot read IP mode file for STMicroelectronics.eDS-WB_DPC_VIENNA.1.2.0
2026-04-13 21:33:53,607 [WARN] PackLoader:240 - Cannot read IP mode file for STMicroelectronics.eDS-WB_DPC_TT-BIDIR.2.1.1
2026-04-13 21:33:53,614 [WARN] PackLoader:240 - Cannot read IP mode file for STMicroelectronics.eDS-WB_DPC_3PH2L-BIDIR.1.1.1
2026-04-13 21:33:53,614 [INFO] PopulateThirdPartyThread:66 - Ending populate Thread
2026-04-13 21:33:53,616 [INFO] ThirdParty:1030 - CMSIS Pack Vendor :STMicroelectronics eDS-WB_DPC_TT-BIDIR 2.1.1
2026-04-13 21:33:53,616 [INFO] ThirdParty:1030 - CMSIS Pack Vendor :STMicroelectronics eDS-WB_DPC_VIENNA 1.2.0
2026-04-13 21:33:53,616 [INFO] ThirdParty:1030 - CMSIS Pack Vendor :STMicroelectronics eDS-WB_DPC_3PH2L-BIDIR 1.1.1
2026-04-13 21:33:53,616 [INFO] ThirdParty:1030 - CMSIS Pack Vendor :STMicroelectronics X-CUBE-WB05N 2.1.0
2026-04-13 21:33:53,617 [INFO] LoadServerUpdatesThread:375 - End of LoadServerUpdate Thread
2026-04-13 21:33:53,731 [INFO] CheckServerUpdateThread:120 - End of CheckServer Thread
2026-04-13 21:33:57,172 [WARN] PackLoader:240 - Cannot read IP mode file for STMicroelectronics.X-CUBE-AZRTOS-H7.3.5.0
2026-04-13 21:33:57,183 [WARN] PackLoader:240 - Cannot read IP mode file for STMicroelectronics.FP-SNS-MOTENVWB1.1.4.0
2026-04-13 21:33:57,192 [WARN] PackLoader:240 - Cannot read IP mode file for STMicroelectronics.FP-ATR-ASTRA1.2.0.2
2026-04-13 21:33:57,197 [WARN] PackLoader:240 - Cannot read IP mode file for STMicroelectronics.FP-ATR-ASTRA1.2.0.1
2026-04-13 21:33:57,208 [WARN] PackLoader:240 - Cannot read IP mode file for STMicroelectronics.X-CUBE-SMBUS.2.1.0
2026-04-13 21:33:57,220 [WARN] PackLoader:240 - Cannot read IP mode file for STMicroelectronics.X-CUBE-WB05N.1.1.0
2026-04-13 21:33:57,229 [WARN] PackLoader:240 - Cannot read IP mode file for STMicroelectronics.X-CUBE-ST60.1.0.0
2026-04-13 21:33:57,257 [WARN] PackLoader:240 - Cannot read IP mode file for STMicroelectronics.X-CUBE-AZRTOS-F7.1.1.0
2026-04-13 21:33:57,267 [WARN] PackLoader:240 - Cannot read IP mode file for Cesanta.I-CUBE-Mongoose.7.19.0
2026-04-13 21:33:57,277 [WARN] PackLoader:240 - Cannot read IP mode file for STMicroelectronics.FP-SNS-MOTENV1.5.1.0
2026-04-13 21:33:57,295 [WARN] PackLoader:240 - Cannot read IP mode file for WES.I-CUBE-Cesium.1.4.0
2026-04-13 21:33:57,303 [WARN] PackLoader:240 - Cannot read IP mode file for STMicroelectronics.FP-SNS-FLIGHT1.5.0.2
2026-04-13 21:33:57,352 [WARN] PackLoader:240 - Cannot read IP mode file for Infineon.AIROC-Wi-Fi-Bluetooth-STM32.1.7.0
2026-04-13 21:33:57,397 [WARN] PackLoader:240 - Cannot read IP mode file for Infineon.AIROC-Wi-Fi-Bluetooth-STM32.1.7.1
2026-04-13 21:33:57,430 [WARN] PackLoader:240 - Cannot read IP mode file for STMicroelectronics.X-CUBE-AZRTOS-H7.3.4.0
2026-04-13 21:33:57,453 [WARN] PackLoader:240 - Cannot read IP mode file for STMicroelectronics.X-CUBE-DISPLAY.3.0.0
2026-04-13 21:33:57,463 [WARN] PackLoader:240 - Cannot read IP mode file for STMicroelectronics.FP-SNS-MOTENVWB1.1.5.0
2026-04-13 21:33:57,472 [WARN] PackLoader:240 - Cannot read IP mode file for STMicroelectronics.X-CUBE-BLE1.7.0.0
2026-04-13 21:33:57,483 [WARN] PackLoader:240 - Cannot read IP mode file for STMicroelectronics.X-CUBE-NFC10.1.0.0
2026-04-13 21:33:57,498 [WARN] PackLoader:240 - Cannot read IP mode file for STMicroelectronics.X-CUBE-BLEMGR.4.0.0
2026-04-13 21:33:57,508 [WARN] PackLoader:240 - Cannot read IP mode file for STMicroelectronics.X-CUBE-ST60.1.1.0
2026-04-13 21:33:57,518 [WARN] PackLoader:240 - Cannot read IP mode file for emotas.I-CUBE-CANOPEN.1.3.0
2026-04-13 21:33:57,537 [WARN] PackLoader:240 - Cannot read IP mode file for STMicroelectronics.X-CUBE-GNSS1.7.1.0
2026-04-13 21:33:57,548 [WARN] PackLoader:240 - Cannot read IP mode file for STMicroelectronics.FP-SNS-STBOX1.2.1.0
2026-04-13 21:33:57,555 [WARN] PackLoader:240 - Cannot read IP mode file for STMicroelectronics.FP-SNS-SMARTAG2.1.2.0
2026-04-13 21:33:57,559 [WARN] PackLoader:240 - Cannot read IP mode file for STMicroelectronics.FP-SNS-FLIGHT1.5.1.0
2026-04-13 21:33:57,602 [WARN] PackLoader:240 - Cannot read IP mode file for STMicroelectronics.X-CUBE-MEMS1.11.1.0
2026-04-13 21:33:57,813 [INFO] LogOutputStream:77 - [STDOUT_REDIRECT] 1 : Invalid condition id : UX_CORESTACK_Condition cause : null
2026-04-13 21:33:57,815 [INFO] LogOutputStream:77 - [STDOUT_REDIRECT] 1 : Invalid condition id : UX_CORESTACK_Condition cause : null
2026-04-13 21:33:57,816 [INFO] LogOutputStream:77 - [STDOUT_REDIRECT] 1 : Invalid condition id : UX_CORESTACK_Condition cause : null
2026-04-13 21:33:57,820 [INFO] LogOutputStream:77 - [STDOUT_REDIRECT] 1 : Invalid condition id : UX_CORESTACK_Condition cause : null
2026-04-13 21:33:57,822 [INFO] LogOutputStream:77 - [STDOUT_REDIRECT] 1 : Invalid condition id : UX_CORESTACK_Condition cause : null
2026-04-13 21:33:57,825 [WARN] PackLoader:240 - Cannot read IP mode file for STMicroelectronics.X-CUBE-AZRTOS-WL.2.0.0
2026-04-13 21:33:57,834 [WARN] PackLoader:240 - Cannot read IP mode file for STMicroelectronics.FP-SNS-MOTENV1.5.0.0
2026-04-13 21:33:57,863 [WARN] PackLoader:240 - Cannot read IP mode file for STMicroelectronics.X-CUBE-AZRTOS-H7RS.1.2.0
2026-04-13 21:33:57,877 [WARN] PackLoader:240 - Cannot read IP mode file for wolfSSL.I-CUBE-wolfMQTT.1.19.0
2026-04-13 21:33:57,885 [WARN] PackLoader:240 - Cannot read IP mode file for WES.I-CUBE-Cesium.1.3.0
2026-04-13 21:33:57,893 [WARN] PackLoader:240 - Cannot read IP mode file for STMicroelectronics.X-CUBE-BLE2.3.3.0
2026-04-13 21:33:57,927 [WARN] PackLoader:240 - Cannot read IP mode file for STMicroelectronics.X-CUBE-NFC9.1.0.0
2026-04-13 21:33:57,935 [WARN] PackLoader:240 - Cannot read IP mode file for wolfSSL.I-CUBE-wolfSSL.5.8.2
2026-04-13 21:33:57,940 [WARN] PackLoader:240 - Cannot read IP mode file for STMicroelectronics.X-CUBE-BLE1.7.1.0
2026-04-13 21:33:57,946 [WARN] PackLoader:240 - Cannot read IP mode file for wolfSSL.I-CUBE-wolfMQTT.1.19.2
2026-04-13 21:33:57,958 [WARN] PackLoader:240 - Cannot read IP mode file for STMicroelectronics.X-CUBE-FREERTOS.1.4.0
2026-04-13 21:33:57,971 [WARN] PackLoader:240 - Cannot read IP mode file for STMicroelectronics.X-CUBE-EEPRMA1.5.2.0
2026-04-13 21:33:57,981 [WARN] PackLoader:240 - Cannot read IP mode file for STMicroelectronics.X-CUBE-ST67W61.1.1.0
2026-04-13 21:33:58,035 [WARN] PackLoader:240 - Cannot read IP mode file for STMicroelectronics.X-CUBE-MEMS1.12.0.0
2026-04-13 21:33:58,196 [WARN] PackLoader:240 - Cannot read IP mode file for STMicroelectronics.X-CUBE-AZRTOS-G0.1.1.0
2026-04-13 21:33:58,215 [WARN] PackLoader:240 - Cannot read IP mode file for STMicroelectronics.X-CUBE-SAFEA1.1.2.2
2026-04-13 21:33:58,227 [WARN] PackLoader:240 - Cannot read IP mode file for STMicroelectronics.X-CUBE-NFC4.3.0.0
2026-04-13 21:33:58,243 [WARN] PackLoader:240 - Cannot read IP mode file for EmbeddedOffice.I-CUBE-FS-RTOS.1.0.1
2026-04-13 21:33:58,255 [WARN] PackLoader:240 - Cannot read IP mode file for STMicroelectronics.X-CUBE-WB05N.2.0.0
2026-04-13 21:33:58,265 [WARN] PackLoader:240 - Cannot read IP mode file for wolfSSL.I-CUBE-wolfTPM.3.8.0
2026-04-13 21:33:58,277 [WARN] PackLoader:240 - Cannot read IP mode file for STMicroelectronics.X-CUBE-TCPP.4.2.0
2026-04-13 21:33:58,289 [WARN] PackLoader:240 - Cannot read IP mode file for RealThread.X-CUBE-RT-Thread_Nano.4.1.1
2026-04-13 21:33:58,298 [WARN] PackLoader:240 - Cannot read IP mode file for STMicroelectronics.FP-ATR-SIGFOX1.3.2.0
2026-04-13 21:33:58,307 [WARN] ConditionMgr:438 - getConditionDescription Invalid condition id : Cortex-A Device cause : null
2026-04-13 21:33:58,318 [WARN] ConditionMgr:1044 - genDependencies : Invalid condition id : Cortex-A Device cause : null
2026-04-13 21:33:58,318 [WARN] ConditionMgr:1044 - genDependencies : Invalid condition id : Cortex-A Device cause : null
2026-04-13 21:33:58,318 [WARN] ConditionMgr:1044 - genDependencies : Invalid condition id : Cortex-A Device cause : null
2026-04-13 21:33:58,325 [WARN] PackLoader:240 - Cannot read IP mode file for STMicroelectronics.X-CUBE-EEPRMA1.5.1.0
2026-04-13 21:33:58,333 [WARN] PackLoader:240 - Cannot read IP mode file for STMicroelectronics.X-CUBE-FREERTOS.1.5.0
2026-04-13 21:33:58,338 [WARN] PackLoader:240 - Cannot read IP mode file for wolfSSL.I-CUBE-wolfSSL.5.7.4
2026-04-13 21:33:58,345 [WARN] PackLoader:240 - Cannot read IP mode file for ITTIA_DB.I-CUBE-ITTIADB.8.9.0
2026-04-13 21:33:58,356 [WARN] PackLoader:240 - Cannot read IP mode file for STMicroelectronics.X-CUBE-NFC6.3.2.0
2026-04-13 21:33:58,370 [WARN] PackLoader:240 - Cannot read IP mode file for STMicroelectronics.X-CUBE-ST67W61.1.0.0
2026-04-13 21:33:58,377 [WARN] PackLoader:240 - Cannot read IP mode file for STMicroelectronics.X-CUBE-AI.10.2.0
2026-04-13 21:33:58,405 [WARN] PackLoader:240 - Cannot read IP mode file for SEGGER.I-CUBE-embOS.1.3.1
2026-04-13 21:33:58,441 [WARN] PackLoader:240 - Cannot read IP mode file for STMicroelectronics.X-CUBE-ALGOBUILD.1.4.0
2026-04-13 21:33:58,502 [WARN] PackLoader:240 - Cannot read IP mode file for STMicroelectronics.X-CUBE-MEMS1.11.3.0
2026-04-13 21:33:58,756 [WARN] PackLoader:240 - Cannot read IP mode file for STMicroelectronics.X-CUBE-AI.9.1.0
2026-04-13 21:33:58,767 [WARN] PackLoader:240 - Cannot read IP mode file for STMicroelectronics.X-CUBE-PM33A1.1.0.0
2026-04-13 21:33:58,789 [WARN] PackLoader:240 - Cannot read IP mode file for STMicroelectronics.X-CUBE-AZRTOS-F4.1.1.0
2026-04-13 21:33:58,797 [WARN] PackLoader:240 - Cannot read IP mode file for Avnet-IotConnect.X-CUBE-IoTC-DA16k-PMOD.1.0.0
2026-04-13 21:33:58,804 [WARN] PackLoader:240 - Cannot read IP mode file for STMicroelectronics.X-CUBE-ISPU.2.1.0
2026-04-13 21:33:58,817 [WARN] PackLoader:240 - Cannot read IP mode file for STMicroelectronics.X-CUBE-IPS.3.2.0
2026-04-13 21:33:58,826 [WARN] PackLoader:240 - Cannot read IP mode file for STMicroelectronics.eDS-WB_DPC_TT-BIDIR.2.1.1
2026-04-13 21:33:58,836 [WARN] PackLoader:240 - Cannot read IP mode file for STMicroelectronics.X-CUBE-NFC12.1.0.0
2026-04-13 21:33:58,874 [WARN] PackLoader:240 - Cannot read IP mode file for STMicroelectronics.X-CUBE-AZRTOS-L5.2.0.0
2026-04-13 21:33:58,887 [WARN] PackLoader:240 - Cannot read IP mode file for STMicroelectronics.X-CUBE-NFC6.3.1.0
2026-04-13 21:33:58,895 [WARN] PackLoader:240 - Cannot read IP mode file for STMicroelectronics.X-CUBE-DPower.1.2.0
2026-04-13 21:33:58,902 [WARN] PackLoader:240 - Cannot read IP mode file for STMicroelectronics.eDS-WB_DPC_VIENNA.1.2.0
2026-04-13 21:33:58,906 [WARN] PackLoader:240 - Cannot read IP mode file for STMicroelectronics.eDS-WB_DPC_3PH2L-BIDIR.1.1.1
2026-04-13 21:33:58,912 [WARN] PackLoader:240 - Cannot read IP mode file for STMicroelectronics.X-CUBE-FREERTOS.1.3.1
2026-04-13 21:33:58,921 [WARN] PackLoader:240 - Cannot read IP mode file for STMicroelectronics.X-CUBE-FREERTOS.1.3.0
2026-04-13 21:33:58,926 [WARN] PackLoader:240 - Cannot read IP mode file for STMicroelectronics.X-CUBE-NFC7.1.0.1
2026-04-13 21:33:58,932 [WARN] PackLoader:240 - Cannot read IP mode file for STMicroelectronics.X-CUBE-TOUCHGFX.4.26.0
2026-04-13 21:33:58,937 [WARN] PackLoader:240 - Cannot read IP mode file for STMicroelectronics.X-CUBE-TOUCHGFX.4.26.1
2026-04-13 21:33:58,942 [WARN] PackLoader:240 - Cannot read IP mode file for STMicroelectronics.FP-SNS-STAIOTCFT.1.0.0
2026-04-13 21:33:58,947 [WARN] PackLoader:240 - Cannot read IP mode file for STMicroelectronics.X-CUBE-DPower.1.3.0
2026-04-13 21:33:58,968 [WARN] ConditionMgr:438 - getConditionDescription Invalid condition id : LAN8742 Phy interface Condition cause : null
2026-04-13 21:33:58,969 [WARN] PackLoader:240 - Cannot read IP mode file for STMicroelectronics.X-CUBE-AZRTOS-L4.2.0.0
2026-04-13 21:33:58,970 [WARN] ConditionMgr:1044 - genDependencies : Invalid condition id : LAN8742 Phy interface Condition cause : null
2026-04-13 21:33:58,970 [WARN] ConditionMgr:1044 - genDependencies : Invalid condition id : LAN8742 Phy interface Condition cause : null
2026-04-13 21:33:58,971 [WARN] ConditionMgr:1044 - genDependencies : Invalid condition id : LAN8742 Phy interface Condition cause : null
2026-04-13 21:33:58,977 [WARN] PackLoader:240 - Cannot read IP mode file for STMicroelectronics.X-CUBE-SFXS2LP1.4.0.0
2026-04-13 21:33:58,985 [WARN] PackLoader:240 - Cannot read IP mode file for STMicroelectronics.X-CUBE-WB05N.2.1.0
2026-04-13 21:33:58,991 [WARN] PackLoader:240 - Cannot read IP mode file for STMicroelectronics.X-CUBE-ST67W61.1.2.0
2026-04-13 21:33:59,012 [WARN] PackLoader:240 - Cannot read IP mode file for STMicroelectronics.X-CUBE-AZRTOS-H7.3.3.0
2026-04-13 21:33:59,029 [WARN] PackLoader:240 - Cannot read IP mode file for STMicroelectronics.X-CUBE-BLEMGR.4.1.0
2026-04-13 21:33:59,046 [WARN] PackLoader:240 - Cannot read IP mode file for STMicroelectronics.X-CUBE-IPS.3.0.0
2026-04-13 21:33:59,068 [WARN] ConditionMgr:438 - getConditionDescription Invalid condition id : UX DEVICE CLASS RTOS Condition cause : null
2026-04-13 21:33:59,068 [WARN] ConditionMgr:438 - getConditionDescription Invalid condition id : UX DEVICE CLASS RTOS Condition cause : null
2026-04-13 21:33:59,070 [WARN] PackLoader:240 - Cannot read IP mode file for STMicroelectronics.X-CUBE-AZRTOS-WB.2.0.0
2026-04-13 21:33:59,071 [WARN] ConditionMgr:1044 - genDependencies : Invalid condition id : UX DEVICE CLASS RTOS Condition cause : null
2026-04-13 21:33:59,071 [WARN] ConditionMgr:1044 - genDependencies : Invalid condition id : UX DEVICE CLASS RTOS Condition cause : null
2026-04-13 21:33:59,071 [WARN] ConditionMgr:1044 - genDependencies : Invalid condition id : UX DEVICE CLASS RTOS Condition cause : null
2026-04-13 21:33:59,071 [WARN] ConditionMgr:1044 - genDependencies : Invalid condition id : UX DEVICE CLASS RTOS Condition cause : null
2026-04-13 21:33:59,071 [WARN] ConditionMgr:1044 - genDependencies : Invalid condition id : UX DEVICE CLASS RTOS Condition cause : null
2026-04-13 21:33:59,077 [WARN] PackLoader:240 - Cannot read IP mode file for STMicroelectronics.X-CUBE-GNSS1.7.0.1
2026-04-13 21:33:59,084 [WARN] PackLoader:240 - Cannot read IP mode file for STMicroelectronics.X-CUBE-TOUCHGFX.4.25.0
2026-04-13 21:33:59,090 [WARN] PackLoader:240 - Cannot read IP mode file for STMicroelectronics.FP-SNS-STBOX1.2.0.0
2026-04-13 21:33:59,095 [WARN] ConditionMgr:438 - getConditionDescription Invalid condition id : Cortex-A Device cause : null
2026-04-13 21:33:59,104 [WARN] ConditionMgr:1044 - genDependencies : Invalid condition id : Cortex-A Device cause : null
2026-04-13 21:33:59,104 [WARN] ConditionMgr:1044 - genDependencies : Invalid condition id : Cortex-A Device cause : null
2026-04-13 21:33:59,104 [WARN] ConditionMgr:1044 - genDependencies : Invalid condition id : Cortex-A Device cause : null
2026-04-13 21:33:59,111 [WARN] PackLoader:240 - Cannot read IP mode file for STMicroelectronics.X-CUBE-STSE01.2.0.0
2026-04-13 21:33:59,125 [WARN] PackLoader:240 - Cannot read IP mode file for STMicroelectronics.X-CUBE-SUBG2.5.0.0
2026-04-13 21:33:59,147 [WARN] PackLoader:240 - Cannot read IP mode file for STMicroelectronics.X-CUBE-AZRTOS-H7RS.1.1.0
2026-04-13 21:33:59,154 [WARN] PackLoader:240 - Cannot read IP mode file for Cesanta.I-CUBE-Mongoose.7.13.0
2026-04-13 21:33:59,170 [WARN] PackLoader:240 - Cannot read IP mode file for STMicroelectronics.X-CUBE-AZRTOS-G4.2.0.0
2026-04-13 21:33:59,175 [WARN] PackLoader:240 - Cannot read IP mode file for wolfSSL.I-CUBE-wolfSSH.1.4.20
2026-04-13 21:33:59,180 [WARN] PackLoader:240 - Cannot read IP mode file for STMicroelectronics.X-CUBE-NFC7.2.0.0
2026-04-13 21:33:59,190 [WARN] PackLoader:240 - Cannot read IP mode file for STMicroelectronics.X-CUBE-IPS.3.1.0
2026-04-13 21:33:59,203 [WARN] PackLoader:240 - Cannot read IP mode file for STMicroelectronics.X-CUBE-ALS.1.0.2
2026-04-13 21:33:59,208 [WARN] PackLoader:240 - Cannot read IP mode file for STMicroelectronics.X-CUBE-TOUCHGFX.4.24.1
2026-04-13 21:33:59,217 [WARN] PackLoader:240 - Cannot read IP mode file for STMicroelectronics.X-CUBE-STSE01.1.0.0
2026-04-13 21:33:59,225 [WARN] PackLoader:240 - Cannot read IP mode file for wolfSSL.I-CUBE-wolfTPM.3.4.0
2026-04-13 21:33:59,233 [WARN] PackLoader:240 - Cannot read IP mode file for portGmbH.I-Cube-SoM-uGOAL.1.1.0
2026-04-13 21:33:59,255 [WARN] PackLoader:240 - Cannot read IP mode file for STMicroelectronics.X-CUBE-AZRTOS-H7RS.1.0.0
2026-04-13 21:33:59,270 [WARN] PackLoader:240 - Cannot read IP mode file for STMicroelectronics.X-CUBE-TOF1.3.4.2
2026-04-13 21:33:59,297 [WARN] PackLoader:240 - Cannot read IP mode file for STMicroelectronics.X-CUBE-TOF1.3.4.3
2026-04-13 21:33:59,319 [WARN] PackLoader:240 - Cannot read IP mode file for wolfSSL.I-CUBE-wolfSSH.1.4.17
2026-04-13 21:33:59,320 [INFO] ThirdParty:978 - Integrity check success = true
2026-04-13 21:33:59,321 [INFO] IntegrityCheckThread:100 - exiting critical section [integrity check]
2026-04-13 21:33:59,321 [INFO] IntegrityCheckThread:103 - End integrity checks thread
2026-04-13 21:36:55,768 [INFO] McuFinderGlobals:63 - Set McuFinder mode to 2 (CubeIDE integrated)
2026-04-13 21:36:55,780 [INFO] MainUpdater:2872 - connection check result : 10
2026-04-13 21:36:55,789 [INFO] McuFinderGlobals:76 - Set McuFinderConnectedMode to true
2026-04-13 21:36:56,035 [INFO] ServerAccessManage:452 - Complete download http(s) 200
2026-04-13 21:36:56,036 [INFO] ServerAccessManage:509 - Download File mcusAds.json._tmp_
2026-04-13 21:36:56,144 [INFO] LoadUrlFilesThread:156 - End of LoadUrlFiles Thread
2026-04-13 21:36:56,271 [INFO] ServerAccessManage:452 - Complete download http(s) 200
2026-04-13 21:36:56,272 [INFO] ServerAccessManage:509 - Download File cube-finder-db.zip
2026-04-13 21:36:57,024 [INFO] FileExtend:248 - Unzip File : cube-finder-db.zip
2026-04-13 21:36:57,025 [INFO] FileExtend:263 - Standard Zip Deflate
2026-04-13 21:36:57,756 [INFO] LoadUrlFilesThread:156 - End of LoadUrlFiles Thread
2026-04-13 21:36:58,177 [INFO] ServerAccessManage:452 - Complete download http(s) 200
2026-04-13 21:36:58,178 [INFO] ServerAccessManage:509 - Download File crdb.zip
2026-04-13 21:36:58,342 [INFO] FileExtend:248 - Unzip File : crdb.zip
2026-04-13 21:36:58,342 [INFO] FileExtend:263 - Standard Zip Deflate
2026-04-13 21:36:58,471 [INFO] LoadUrlFilesThread:156 - End of LoadUrlFiles Thread
2026-04-13 21:36:58,498 [INFO] ServerAccessManage:452 - Complete download http(s) 200
2026-04-13 21:36:58,499 [INFO] ServerAccessManage:509 - Download File tutoVideoDB.zip
2026-04-13 21:36:58,506 [INFO] FileExtend:248 - Unzip File : tutoVideoDB.zip
2026-04-13 21:36:58,506 [INFO] FileExtend:263 - Standard Zip Deflate
2026-04-13 21:36:58,631 [INFO] LoadUrlFilesThread:156 - End of LoadUrlFiles Thread
2026-04-13 21:36:58,637 [WARN] DbFile:41 - Overriding database path with different value: C:\Users\Usuario\.stmcufinder\plugins\mcufinder/ => C:\Users\Usuario\.stmcufinder\plugins\mcufinder
2026-04-13 21:36:58,946 [INFO] ServerAccessManage:452 - Complete download http(s) 200
2026-04-13 21:36:58,946 [INFO] ServerAccessManage:509 - Download File api_config.json
2026-04-13 21:36:59,055 [INFO] LoadUrlFilesThread:156 - End of LoadUrlFiles Thread
2026-04-13 21:36:59,056 [INFO] DbMcusAds:53 - JSON generation date=Fri Apr 10 11:19:02 CEST 2026 (1775812742310)
2026-04-13 21:36:59,113 [INFO] ServerAccessManage:452 - Complete download http(s) 200
2026-04-13 21:36:59,113 [INFO] ServerAccessManage:509 - Download File 
2026-04-13 21:36:59,120 [INFO] LoadUrlFilesThread:185 - End of LoadServerUrlFiles without Thread
2026-04-13 21:36:59,120 [INFO] TargetSelectorAdapter:259 - Refresh data is successful
2026-04-13 21:36:59,403 [INFO] ApiDb:581 - Connected to CubeFinder SQLite database (C:\Users\Usuario\.stmcufinder\plugins\mcufinder\mcu\cube-finder-db.db)
2026-04-13 21:36:59,492 [INFO] ApiDb:668 - CubeFinder database Data Model version=2.1
2026-04-13 21:36:59,493 [INFO] ApiDb:669 - CubeFinder database Configuration version=3.0.42
2026-04-13 21:36:59,493 [INFO] ApiDb:670 - CubeFinder database generation date=2026-03-11 (1773229989)
2026-04-13 21:36:59,493 [INFO] ApiDb:671 - CubeFinder database FW Pack versions=[FP-ATR-ASTRA1_V2.0.0, FP-SNS-FLIGHT1_V5.1.0, FP-SNS-MOTENV1_V5.1.0, FP-SNS-MOTENVWB1_V1.5.0, FP-SNS-SMARTAG2_V1.2.0, FP-SNS-STBOX1_V2.1.0, STM32Cube_FW_C0_V1.4.0, STM32Cube_FW_F4_V1.28.3, STM32Cube_FW_F7_V1.17.4, STM32Cube_FW_G0_V1.6.3, STM32Cube_FW_G4_V1.6.2, STM32Cube_FW_H5_V1.6.0, STM32Cube_FW_H7RS_V1.3.0, STM32Cube_FW_H7_V1.13.0, STM32Cube_FW_L0_V1.12.2, STM32Cube_FW_L4_V1.18.2, STM32Cube_FW_L5_V1.6.0, STM32Cube_FW_N6_V1.3.0, STM32Cube_FW_U0_V1.3.0, STM32Cube_FW_U3_V1.3.0, STM32Cube_FW_U5_V1.8.0, STM32Cube_FW_WB0_V1.4.0, STM32Cube_FW_WBA_V1.9.0, STM32Cube_FW_WB_V1.24.0, STM32Cube_FW_WL3_V1.4.0, STM32Cube_FW_WL_V1.5.0, X-CUBE-ALGOBUILD_V1.4.0, X-CUBE-ALS_V1.0.2, X-CUBE-AZRTOS-F4_V1.1.0, X-CUBE-AZRTOS-F7_V1.1.0, X-CUBE-AZRTOS-G0_V1.1.0, X-CUBE-AZRTOS-G4_V2.0.0, X-CUBE-AZRTOS-H7RS_V1.1.0, X-CUBE-AZRTOS-H7_V3.4.0, X-CUBE-AZRTOS-L4_V2.0.0, X-CUBE-AZRTOS-L5_V2.0.0, X-CUBE-AZRTOS-WB_V2.0.0, X-CUBE-AZRTOS-WL_V2.0.0, X-CUBE-BLE1_V7.1.0, X-CUBE-BLE2_V3.3.0, X-CUBE-BLEMGR_V4.1.0, X-CUBE-EEPRMA1_V5.2.0, X-CUBE-FREERTOS_V1.5.0, X-CUBE-GNSS1_V6.0.0, X-CUBE-MEMS1_V12.0.0, X-CUBE-NFC4_V3.0.0, X-CUBE-NFC7_V2.0.0, X-CUBE-SFXS2LP1_V4.0.0, X-CUBE-ST67W61_V1.2.0, X-CUBE-SUBG2_V5.0.0, X-CUBE-TOF1_V3.4.3]
2026-04-13 21:37:03,333 [INFO] ApiDb:240 - Found 880 in-development CPN: [B-G473E-ZEST1S, B-WB1M-WPAN1, B-WBA5M-WPAN, B-WL5M-SUBG1, NUCLEO-C031C6, NUCLEO-C051C8, NUCLEO-C071RB, NUCLEO-C092RC, NUCLEO-H503RB, NUCLEO-H533RE, NUCLEO-H563ZI, NUCLEO-H7S3L8, NUCLEO-N657X0-Q, NUCLEO-U031R8, NUCLEO-U083RC, NUCLEO-U385RG-Q, NUCLEO-U545RE-Q, NUCLEO-U5A5ZJ-Q, NUCLEO-WB05KZ, NUCLEO-WB07CC, NUCLEO-WB09KE, NUCLEO-WBA52CG, NUCLEO-WBA55CG, NUCLEO-WL33CC1, NUCLEO-WL33CC2, STEVAL-PROTEUS1, STEVAL-SMARTAG2, STEVAL-STWINBX1, STM320518-EVAL, STM32C0116-DK, STM32C011D6Y3TR, STM32C011D6Y6TR, STM32C011F4P3, STM32C011F4P6, STM32C011F4U3, STM32C011F4U6TR, STM32C011F6P3, STM32C011F6P6, STM32C011F6U3, STM32C011F6U6TR, STM32C011J4M3, STM32C011J4M6, STM32C011J6M3, STM32C011J6M6, STM32C0316-DK, STM32C031C4T3, STM32C031C4T6, STM32C031C4U3, STM32C031C4U6, STM32C031C6T3, STM32C031C6T6, STM32C031C6U3, STM32C031C6U6, STM32C031F4P3, STM32C031F4P6, STM32C031F6P3, STM32C031F6P6, STM32C031G4U3, STM32C031G4U6, STM32C031G6U3, STM32C031G6U6, STM32C031K4T3, STM32C031K4T6, STM32C031K4U3, STM32C031K4U6, STM32C031K6T3, STM32C031K6T6, STM32C031K6U3, STM32C031K6U6, STM32C051C6T6, STM32C051C6U6, STM32C051C8T6, STM32C051C8U6, STM32C051D8Y6TR, STM32C051F6P6, STM32C051F8P6, STM32C051G6U6, STM32C051G8U6, STM32C051K6T6, STM32C051K6U6, STM32C051K8T6, STM32C071C8T6, STM32C071C8T6N, STM32C071C8U6, STM32C071C8U6N, STM32C071CBT6, STM32C071CBT6N, STM32C071CBU6, STM32C071CBU6N, STM32C071F8P6, STM32C071F8P6N, STM32C071FBP6, STM32C071FBP6N, STM32C071FBY6TR, STM32C071G8U6, STM32C071G8U6N, STM32C071GBU6, STM32C071GBU6N, STM32C071K8T6, STM32C071K8T6N, STM32C071K8U6, STM32C071K8U6N, STM32C071KBT6, STM32C071KBT6N, STM32C071KBU6, STM32C071KBU6N, STM32C071R8T6, STM32C071R8T6N, STM32C071RBI6N, STM32C071RBT6, STM32C071RBT6N, STM32C091CBT6, STM32C091CBU6, STM32C091CCT6, STM32C091CCU6, STM32C091ECY6TR, STM32C091FBP6, STM32C091FCP6, STM32C091GBU6, STM32C091GCU6, STM32C091KBT6, STM32C091KBU6, STM32C091KCT6, STM32C091KCU6, STM32C091RBT6, STM32C091RCI6, STM32C091RCT6, STM32C092CBT6, STM32C092CBU6, STM32C092CCT6, STM32C092CCU6, STM32C092ECY6TR, STM32C092FBP6, STM32C092FCP6, STM32C092GBU6, STM32C092GCU6, STM32C092KBT6, STM32C092KBU6, STM32C092KCT6, STM32C092KCU6, STM32C092RBT6, STM32C092RCI6, STM32C092RCT6, STM32G071K8TXN, STM32G071K8UXN, STM32G081GBU6N, STM32G081KBT6N, STM32G081KBUXN, STM32G0B1CCT6N, STM32G0B1KCT6, STM32G0B1NEY6TR, STM32G0B1RCT6N, STM32G0C1CCT6, STM32G0C1CCT6N, STM32G0C1CCU6N, STM32G0C1CET6N, STM32G0C1CEU6N, STM32G0C1KCT6, STM32G0C1NEY6TR, STM32G0C1RCI6N, STM32G0C1RCT6N, STM32G0C1REI6N, STM32G0C1RET6N, STM32G0C1VCI6, STM32G0C1VEI6, STM32G411C6T3, STM32G411C6T6, STM32G411C6U3, STM32G411C6U6, STM32G411C8T3, STM32G411C8T6, STM32G411C8U3, STM32G411C8U6, STM32G411CBT3, STM32G411CBT6, STM32G411CBU3, STM32G411CBU6, STM32G411K6T3, STM32G411K6T6, STM32G411K6U3, STM32G411K6U6, STM32G411K8T3, STM32G411K8T6, STM32G411K8U3, STM32G411K8U6, STM32G411KBT3, STM32G411KBT6, STM32G411KBU3, STM32G411KBU6, STM32G411M6T3, STM32G411M6T6, STM32G411M8T3, STM32G411M8T6, STM32G411MBT3, STM32G411MBT6, STM32G411R6T3, STM32G411R6T6, STM32G411R8T3, STM32G411R8T6, STM32G411RBT3, STM32G411RBT6, STM32G414CBT3, STM32G414CBT6, STM32G414CBU3, STM32G414CBU6, STM32G414CCT3, STM32G414CCT6, STM32G414CCU3, STM32G414CCU6, STM32G414MBT3, STM32G414MBT6, STM32G414MCT3, STM32G414MCT6, STM32G414RBT3, STM32G414RBT6, STM32G414RCT3, STM32G414RCT6, STM32G414VBT3, STM32G414VBT6, STM32G414VCT3, STM32G414VCT6, STM32G431CBT3Z, STM32G431RBT3Z, STM32G471CCT6, STM32G471CCU6, STM32G471CET3, STM32G471CET6, STM32G471CEU3, STM32G471CEU6, STM32G471MCT6, STM32G471MET3, STM32G471MET6, STM32G471MEY6TR, STM32G471QCT6, STM32G471QET3, STM32G471RCT6, STM32G471RET3, STM32G471RET6, STM32G471VCH6, STM32G471VCI6, STM32G471VCT6, STM32G471VEH3, STM32G471VEH6, STM32G471VEI3, STM32G471VEI6, STM32G471VET3, STM32G471VET6, STM32G473QET3Z, STM32G473RET3Z, STM32G474CCT6, STM32G491RET3Z, STM32H503CBT6, STM32H503CBU6, STM32H503EBY6TR, STM32H503KBU6, STM32H503RBT6, STM32H523CCT6, STM32H523CCU6, STM32H523CET6, STM32H523CEU6, STM32H523HEY6TR, STM32H523RCT6, STM32H523RET6, STM32H523VCI6, STM32H523VCT6, STM32H523VEI6, STM32H523VET6, STM32H523ZCJ6, STM32H523ZCT6, STM32H523ZEJ6, STM32H523ZET6, STM32H533CET6, STM32H533CEU6, STM32H533HEY6TR, STM32H533RET6, STM32H533VEI6, STM32H533VET6, STM32H533ZEJ6, STM32H533ZET6, STM32H562AGI6, STM32H562AII6, STM32H562IGK6, STM32H562IGT6, STM32H562IIK6, STM32H562IIT6, STM32H562RGT6, STM32H562RGV6, STM32H562RIT6, STM32H562RIV6, STM32H562VGT6, STM32H562VIT6, STM32H562ZGT6, STM32H562ZIT6, STM32H563AGI6, STM32H563AII3Q, STM32H563AII6, STM32H563IGK6, STM32H563IGT6, STM32H563IIK3Q, STM32H563IIK6, STM32H563IIT3Q, STM32H563IIT6, STM32H563MIY3QTR, STM32H563RGT6, STM32H563RGV6, STM32H563RIT6, STM32H563RIV6, STM32H563VGT6, STM32H563VIT3Q, STM32H563VIT6, STM32H563ZGT6, STM32H563ZIT3Q, STM32H563ZIT6, STM32H573AII3Q, STM32H573AII6, STM32H573I-DK, STM32H573IIK3Q, STM32H573IIK6, STM32H573IIT3Q, STM32H573IIT6, STM32H573MIY3QTR, STM32H573RIT6, STM32H573RIV6, STM32H573VIT3Q, STM32H573VIT6, STM32H573ZIT3Q, STM32H573ZIT6, STM32H7R3A8I6, STM32H7R3I8K6, STM32H7R3I8T6, STM32H7R3L8H6, STM32H7R3L8H6H, STM32H7R3R8V6, STM32H7R3V8H6, STM32H7R3V8T6, STM32H7R3V8Y6TR, STM32H7R3Z8J6, STM32H7R3Z8T6, STM32H7R7A8I6, STM32H7R7I8K6, STM32H7R7I8T6, STM32H7R7L8H6, STM32H7R7L8H6H, STM32H7R7Z8J6, STM32H7S3A8I6, STM32H7S3I8K6, STM32H7S3I8T6, STM32H7S3L8H6, STM32H7S3L8H6H, STM32H7S3R8V6, STM32H7S3V8H6, STM32H7S3V8T6, STM32H7S3V8Y6TR, STM32H7S3Z8J6, STM32H7S3Z8T6, STM32H7S78-DK, STM32H7S7A8I6, STM32H7S7I8K6, STM32H7S7I8T6, STM32H7S7L8H6, STM32H7S7L8H6H, STM32H7S7Z8J6, STM32L4R5QGI6STR, STM32MP131AAE3, STM32MP131AAF3, STM32MP131AAG3, STM32MP131CAE3, STM32MP131CAF3, STM32MP131CAG3, STM32MP131DAE7, STM32MP131DAF7, STM32MP131DAG7, STM32MP131FAE7, STM32MP131FAF7, STM32MP131FAG7, STM32MP133AAE3, STM32MP133AAF3, STM32MP133AAG3, STM32MP133CAE3, STM32MP133CAF3, STM32MP133CAG3, STM32MP133DAE7, STM32MP133DAF7, STM32MP133DAG7, STM32MP133FAE7, STM32MP133FAF7, STM32MP133FAG7, STM32MP135AAE3, STM32MP135AAF3, STM32MP135AAG3, STM32MP135CAE3, STM32MP135CAF3, STM32MP135CAG3, STM32MP135DAE7, STM32MP135DAF7, STM32MP135DAG7, STM32MP135F-DK, STM32MP135FAE7, STM32MP135FAF7, STM32MP135FAF7T, STM32MP135FAF7U, STM32MP135FAG7, STM32MP211AAL3, STM32MP211AAM3, STM32MP211AAN3, STM32MP211AAO3, STM32MP211CAL3, STM32MP211CAM3, STM32MP211CAN3, STM32MP211CAO3, STM32MP211DAL3, STM32MP211DAM3, STM32MP211DAN3, STM32MP211DAO3, STM32MP211FAL3, STM32MP211FAM3, STM32MP211FAN3, STM32MP211FAO3, STM32MP213AAL3, STM32MP213AAM3, STM32MP213AAN3, STM32MP213AAO3, STM32MP213CAL3, STM32MP213CAM3, STM32MP213CAN3, STM32MP213CAO3, STM32MP213DAL3, STM32MP213DAM3, STM32MP213DAN3, STM32MP213DAO3, STM32MP213FAL3, STM32MP213FAM3, STM32MP213FAN3, STM32MP213FAO3, STM32MP215AAL3, STM32MP215AAM3, STM32MP215AAN3, STM32MP215AAO3, STM32MP215CAL3, STM32MP215CAM3, STM32MP215CAN3, STM32MP215CAO3, STM32MP215DAL3, STM32MP215DAM3, STM32MP215DAN3, STM32MP215DAO3, STM32MP215F-DK, STM32MP215FAL3, STM32MP215FAM3, STM32MP215FAN3, STM32MP215FAO3, STM32MP231AAJ3, STM32MP231AAK3, STM32MP231AAL3, STM32MP231CAJ3, STM32MP231CAK3, STM32MP231CAL3, STM32MP231DAJ3, STM32MP231DAK3, STM32MP231DAL3, STM32MP231FAJ3, STM32MP231FAK3, STM32MP231FAL3, STM32MP233AAJ3, STM32MP233AAK3, STM32MP233AAL3, STM32MP233CAJ3, STM32MP233CAK3, STM32MP233CAL3, STM32MP233DAJ3, STM32MP233DAK3, STM32MP233DAL3, STM32MP233FAJ3, STM32MP233FAK3, STM32MP233FAL3, STM32MP235AAJ3, STM32MP235AAK3, STM32MP235AAL3, STM32MP235CAJ3, STM32MP235CAK3, STM32MP235CAL3, STM32MP235DAJ3, STM32MP235DAK3, STM32MP235DAL3, STM32MP235FAJ3, STM32MP235FAK3, STM32MP235FAL3, STM32MP251AAI3, STM32MP251AAK3, STM32MP251AAL3, STM32MP251CAI3, STM32MP251CAK3, STM32MP251CAL3, STM32MP251DAI3, STM32MP251DAK3, STM32MP251DAL3, STM32MP251FAI3, STM32MP251FAK3, STM32MP251FAL3, STM32MP253AAI3, STM32MP253AAK3, STM32MP253AAL3, STM32MP253CAI3, STM32MP253CAK3, STM32MP253CAL3, STM32MP253DAI3, STM32MP253DAK3, STM32MP253DAL3, STM32MP253FAI3, STM32MP253FAK3, STM32MP253FAL3, STM32MP255AAI3, STM32MP255AAK3, STM32MP255AAL3, STM32MP255CAI3, STM32MP255CAK3, STM32MP255CAL3, STM32MP255DAI3, STM32MP255DAK3, STM32MP255DAL3, STM32MP255FAI3, STM32MP255FAK3, STM32MP255FAL3, STM32MP257AAI3, STM32MP257AAK3, STM32MP257AAL3, STM32MP257CAI3, STM32MP257CAK3, STM32MP257CAL3, STM32MP257DAI3, STM32MP257DAK3, STM32MP257DAL3, STM32MP257F-DK, STM32MP257F-EV1, STM32MP257FAI3, STM32MP257FAK3, STM32MP257FAL3, STM32N645A0H3Q, STM32N645B0H3Q, STM32N645I0H3Q, STM32N645L0H3Q, STM32N645X0H3Q, STM32N645Z0H3Q, STM32N647A0H3Q, STM32N647B0H3Q, STM32N647I0H3Q, STM32N647L0H3Q, STM32N647X0H3Q, STM32N647Z0H3Q, STM32N655A0H3Q, STM32N655B0H3Q, STM32N655I0H3Q, STM32N655L0H3Q, STM32N655X0H3Q, STM32N655Z0H3Q, STM32N6570-DK, STM32N657A0H3Q, STM32N657B0H3Q, STM32N657I0H3Q, STM32N657L0H3Q, STM32N657X0H3Q, STM32N657Z0H3Q, STM32U031C6T6, STM32U031C6U6, STM32U031C8T6, STM32U031C8U6, STM32U031F4P6, STM32U031F6P6, STM32U031F8P6, STM32U031G6Y6TR, STM32U031G8Y6TR, STM32U031K4U6, STM32U031K6U6, STM32U031K8U6, STM32U031R6I6, STM32U031R6T6, STM32U031R8I6, STM32U031R8T6, STM32U073C8T6, STM32U073C8U6, STM32U073CBT6, STM32U073CBU6, STM32U073CCT6, STM32U073CCU6, STM32U073H8Y6TR, STM32U073HBY6TR, STM32U073HCY6TR, STM32U073K8U6, STM32U073KBU6, STM32U073KCU6, STM32U073M8I6, STM32U073M8T6, STM32U073MBI6, STM32U073MBT6, STM32U073MCI6, STM32U073MCT6, STM32U073R8I6, STM32U073R8T6, STM32U073RBI6, STM32U073RBT6, STM32U073RCI6, STM32U073RCT6, STM32U083C-DK, STM32U083CCT6, STM32U083CCU6, STM32U083HCY6TR, STM32U083KCU6, STM32U083MCI6, STM32U083MCT6, STM32U083RCI6, STM32U083RCT6, STM32U375CET6, STM32U375CET6Q, STM32U375CEU6, STM32U375CEU6Q, STM32U375CEY6QTR, STM32U375CGT6, STM32U375CGT6Q, STM32U375CGU6, STM32U375CGU6Q, STM32U375CGY6QTR, STM32U375KEU6, STM32U375KGU6, STM32U375REI6, STM32U375REI6Q, STM32U375RET6, STM32U375RET6Q, STM32U375REY6GTR, STM32U375REY6QTR, STM32U375RGI6, STM32U375RGI6Q, STM32U375RGT6, STM32U375RGT6Q, STM32U375RGY6GTR, STM32U375RGY6QTR, STM32U375VEI6, STM32U375VEI6Q, STM32U375VET6, STM32U375VET6Q, STM32U375VGI6, STM32U375VGI6Q, STM32U375VGT6, STM32U375VGT6Q, STM32U385CGT6, STM32U385CGT6Q, STM32U385CGU6, STM32U385CGU6Q, STM32U385CGY6QTR, STM32U385KGU6, STM32U385RGI6, STM32U385RGI6Q, STM32U385RGT6, STM32U385RGT6Q, STM32U385RGY6GTR, STM32U385RGY6QTR, STM32U385VGI6, STM32U385VGI6Q, STM32U385VGT6, STM32U385VGT6Q, STM32U535CBT6, STM32U535CBT6Q, STM32U535CBU6, STM32U535CBU6Q, STM32U535CCT6, STM32U535CCT6Q, STM32U535CCU6, STM32U535CCU6Q, STM32U535CET6, STM32U535CET6Q, STM32U535CEU6, STM32U535CEU6Q, STM32U535JEY6QTR, STM32U535NCY6QTR, STM32U535NEY6QTR, STM32U535RBI6, STM32U535RBI6Q, STM32U535RBT6, STM32U535RBT6Q, STM32U535RCI6, STM32U535RCI6Q, STM32U535RCT6, STM32U535RCT6Q, STM32U535REI6, STM32U535REI6Q, STM32U535RET6, STM32U535RET6Q, STM32U535VCI6, STM32U535VCI6Q, STM32U535VCT6, STM32U535VCT6Q, STM32U535VEI6, STM32U535VEI6Q, STM32U535VET6, STM32U535VET6Q, STM32U545CET6, STM32U545CET6Q, STM32U545CEU6, STM32U545CEU6Q, STM32U545JEY6QTR, STM32U545NEY6QTR, STM32U545REI6, STM32U545REI6Q, STM32U545RET6, STM32U545RET6Q, STM32U545VEI6, STM32U545VEI6Q, STM32U545VET6, STM32U545VET6Q, STM32U595AIH6, STM32U595AIH6Q, STM32U595AJH6, STM32U595AJH6Q, STM32U595QII6, STM32U595QII6Q, STM32U595QJI6, STM32U595QJI6Q, STM32U595RIT6, STM32U595RIT6Q, STM32U595RJT6, STM32U595RJT6Q, STM32U595VIT6, STM32U595VIT6Q, STM32U595VJT6, STM32U595VJT6Q, STM32U595ZIT6, STM32U595ZIT6Q, STM32U595ZIY6QTR, STM32U595ZJT6, STM32U595ZJT6Q, STM32U595ZJY6QTR, STM32U599BJY6QTR, STM32U599NIH6Q, STM32U599NJH6Q, STM32U599VIT6Q, STM32U599VJT6, STM32U599VJT6Q, STM32U599ZIT6Q, STM32U599ZIY6QTR, STM32U599ZJT6Q, STM32U599ZJY6QTR, STM32U5A5AJH6, STM32U5A5AJH6Q, STM32U5A5QII3Q , STM32U5A5QJI6, STM32U5A5QJI6Q, STM32U5A5RJT6, STM32U5A5RJT6Q, STM32U5A5VJT6, STM32U5A5VJT6Q, STM32U5A5ZJT6, STM32U5A5ZJT6Q, STM32U5A5ZJY6QTR, STM32U5A9BJY6QTR, STM32U5A9J-DK, STM32U5A9NJH6Q, STM32U5A9VJT6Q, STM32U5A9ZJT6Q, STM32U5A9ZJY6QTR, STM32U5F7VIT6, STM32U5F7VIT6Q, STM32U5F7VJT6, STM32U5F7VJT6Q, STM32U5F9BJY6QTR, STM32U5F9NJH6Q, STM32U5F9VIT6Q, STM32U5F9VJT6Q, STM32U5F9ZIJ6QTR, STM32U5F9ZIT6Q, STM32U5F9ZJJ6QTR, STM32U5F9ZJT6Q, STM32U5G7VJT6, STM32U5G7VJT6Q, STM32U5G9BJY6QTR, STM32U5G9J-DK1, STM32U5G9J-DK2, STM32U5G9NJH6Q, STM32U5G9VJT6Q, STM32U5G9ZJJ6QTR, STM32U5G9ZJT6Q, STM32WB05KZV6TR, STM32WB05KZV7TR, STM32WB05TZF6TR, STM32WB05TZF7TR, STM32WB06CCF6TR, STM32WB06CCF7TR, STM32WB06CCV6TR, STM32WB06CCV7TR, STM32WB06KCV6TR, STM32WB06KCV7TR, STM32WB07CCF6TR, STM32WB07CCF7TR, STM32WB07CCV6TR, STM32WB07CCV7TR, STM32WB07KCV6TR, STM32WB07KCV7TR, STM32WB09KEV6TR, STM32WB09KEV7TR, STM32WB09TEF6TR, STM32WB09TEF7TR, STM32WB1MMCH6, STM32WBA50KGU6, STM32WBA50KGU6TR, STM32WBA52CEU6, STM32WBA52CEU6TR, STM32WBA52CEU7, STM32WBA52CEU7TR, STM32WBA52CGU6, STM32WBA52CGU6TR, STM32WBA52CGU6U, STM32WBA52CGU7, STM32WBA52CGU7TR, STM32WBA52KEU6, STM32WBA52KEU6TR, STM32WBA52KGU6, STM32WBA52KGU6TR, STM32WBA54CEU6, STM32WBA54CEU6TR, STM32WBA54CEU7, STM32WBA54CEU7TR, STM32WBA54CGU6, STM32WBA54CGU6TR, STM32WBA54CGU7, STM32WBA54CGU7TR, STM32WBA54KEU6, STM32WBA54KEU6TR, STM32WBA54KEU7, STM32WBA54KEU7TR, STM32WBA54KGU6, STM32WBA54KGU6TR, STM32WBA54KGU7, STM32WBA54KGU7TR, STM32WBA55CEU6, STM32WBA55CEU6TR, STM32WBA55CEU7, STM32WBA55CEU7TR, STM32WBA55CGU6, STM32WBA55CGU6TR, STM32WBA55CGU6U, STM32WBA55CGU7, STM32WBA55CGU7TR, STM32WBA55G-DK1, STM32WBA55HEF6, STM32WBA55HEF7, STM32WBA55HGF6, STM32WBA55HGF7, STM32WBA55UEI6, STM32WBA55UEI6TR, STM32WBA55UEI7, STM32WBA55UEI7TR, STM32WBA55UGI6, STM32WBA55UGI6TR, STM32WBA55UGI7, STM32WBA55UGI7TR, STM32WBA5MMGH6TR, STM32WBA62MGF6, STM32WBA62MIF6, STM32WBA65MGF7, STM32WBA65MIF6, STM32WBA65MIF7, STM32WL30K8V6, STM32WL30KBV6, STM32WL31C8V6, STM32WL31CBV6, STM32WL31K8V6, STM32WL31KBV6, STM32WL33C8V6, STM32WL33C8V6X, STM32WL33CBV6, STM32WL33CBV6X, STM32WL33CCV6, STM32WL33CCV6A, STM32WL33CCV6X, STM32WL33K8V7, STM32WL33K8V7X, STM32WL33KBV7 , STM32WL33KBV7X, STM32WL33KCV7, STM32WL33KCV7X, STM32WL5MOCH6, STM32WL5MOCH6TR]
2026-04-13 21:37:03,345 [INFO] DbMcus:218 - Found 5055 MCUs, 4968 are supported
2026-04-13 21:37:03,349 [INFO] ApiDb:423 - Load user favorites file C:\Users\Usuario/.stm32cubeide/favorites.mcus.txt: 0 item(s)
2026-04-13 21:37:03,349 [INFO] ApiDb:427 - User favorites MCUs=[]
2026-04-13 21:37:03,350 [INFO] DbMcus:224 - Set 0 / 0 favorites MCUs
2026-04-13 21:37:04,597 [INFO] ApiDb:668 - CubeFinder database Data Model version=2.1
2026-04-13 21:37:04,597 [INFO] ApiDb:669 - CubeFinder database Configuration version=3.0.42
2026-04-13 21:37:04,597 [INFO] ApiDb:670 - CubeFinder database generation date=2026-03-11 (1773229989)
2026-04-13 21:37:04,597 [INFO] ApiDb:671 - CubeFinder database FW Pack versions=[FP-ATR-ASTRA1_V2.0.0, FP-SNS-FLIGHT1_V5.1.0, FP-SNS-MOTENV1_V5.1.0, FP-SNS-MOTENVWB1_V1.5.0, FP-SNS-SMARTAG2_V1.2.0, FP-SNS-STBOX1_V2.1.0, STM32Cube_FW_C0_V1.4.0, STM32Cube_FW_F4_V1.28.3, STM32Cube_FW_F7_V1.17.4, STM32Cube_FW_G0_V1.6.3, STM32Cube_FW_G4_V1.6.2, STM32Cube_FW_H5_V1.6.0, STM32Cube_FW_H7RS_V1.3.0, STM32Cube_FW_H7_V1.13.0, STM32Cube_FW_L0_V1.12.2, STM32Cube_FW_L4_V1.18.2, STM32Cube_FW_L5_V1.6.0, STM32Cube_FW_N6_V1.3.0, STM32Cube_FW_U0_V1.3.0, STM32Cube_FW_U3_V1.3.0, STM32Cube_FW_U5_V1.8.0, STM32Cube_FW_WB0_V1.4.0, STM32Cube_FW_WBA_V1.9.0, STM32Cube_FW_WB_V1.24.0, STM32Cube_FW_WL3_V1.4.0, STM32Cube_FW_WL_V1.5.0, X-CUBE-ALGOBUILD_V1.4.0, X-CUBE-ALS_V1.0.2, X-CUBE-AZRTOS-F4_V1.1.0, X-CUBE-AZRTOS-F7_V1.1.0, X-CUBE-AZRTOS-G0_V1.1.0, X-CUBE-AZRTOS-G4_V2.0.0, X-CUBE-AZRTOS-H7RS_V1.1.0, X-CUBE-AZRTOS-H7_V3.4.0, X-CUBE-AZRTOS-L4_V2.0.0, X-CUBE-AZRTOS-L5_V2.0.0, X-CUBE-AZRTOS-WB_V2.0.0, X-CUBE-AZRTOS-WL_V2.0.0, X-CUBE-BLE1_V7.1.0, X-CUBE-BLE2_V3.3.0, X-CUBE-BLEMGR_V4.1.0, X-CUBE-EEPRMA1_V5.2.0, X-CUBE-FREERTOS_V1.5.0, X-CUBE-GNSS1_V6.0.0, X-CUBE-MEMS1_V12.0.0, X-CUBE-NFC4_V3.0.0, X-CUBE-NFC7_V2.0.0, X-CUBE-SFXS2LP1_V4.0.0, X-CUBE-ST67W61_V1.2.0, X-CUBE-SUBG2_V5.0.0, X-CUBE-TOF1_V3.4.3]
2026-04-13 21:37:04,677 [INFO] DbBoardsSqlite:226 - include board P-NUCLEO-WB55-NUCLEO as a kit item of type 'Nucleo-64'
2026-04-13 21:37:04,677 [INFO] DbBoardsSqlite:226 - include board P-NUCLEO-WB55-USBDONGLE as a kit item of type 'Nucleo USB Dongle'
2026-04-13 21:37:04,677 [INFO] DbBoardsSqlite:226 - include board STEVAL-IDP005V1 as a kit item of type 'Evaluation Board'
2026-04-13 21:37:04,677 [INFO] DbBoardsSqlite:226 - include board STEVAL-IDP005V2 as a kit item of type 'Evaluation Board'
2026-04-13 21:37:04,761 [INFO] ApiDb:240 - Found 880 in-development CPN: [B-G473E-ZEST1S, B-WB1M-WPAN1, B-WBA5M-WPAN, B-WL5M-SUBG1, NUCLEO-C031C6, NUCLEO-C051C8, NUCLEO-C071RB, NUCLEO-C092RC, NUCLEO-H503RB, NUCLEO-H533RE, NUCLEO-H563ZI, NUCLEO-H7S3L8, NUCLEO-N657X0-Q, NUCLEO-U031R8, NUCLEO-U083RC, NUCLEO-U385RG-Q, NUCLEO-U545RE-Q, NUCLEO-U5A5ZJ-Q, NUCLEO-WB05KZ, NUCLEO-WB07CC, NUCLEO-WB09KE, NUCLEO-WBA52CG, NUCLEO-WBA55CG, NUCLEO-WL33CC1, NUCLEO-WL33CC2, STEVAL-PROTEUS1, STEVAL-SMARTAG2, STEVAL-STWINBX1, STM320518-EVAL, STM32C0116-DK, STM32C011D6Y3TR, STM32C011D6Y6TR, STM32C011F4P3, STM32C011F4P6, STM32C011F4U3, STM32C011F4U6TR, STM32C011F6P3, STM32C011F6P6, STM32C011F6U3, STM32C011F6U6TR, STM32C011J4M3, STM32C011J4M6, STM32C011J6M3, STM32C011J6M6, STM32C0316-DK, STM32C031C4T3, STM32C031C4T6, STM32C031C4U3, STM32C031C4U6, STM32C031C6T3, STM32C031C6T6, STM32C031C6U3, STM32C031C6U6, STM32C031F4P3, STM32C031F4P6, STM32C031F6P3, STM32C031F6P6, STM32C031G4U3, STM32C031G4U6, STM32C031G6U3, STM32C031G6U6, STM32C031K4T3, STM32C031K4T6, STM32C031K4U3, STM32C031K4U6, STM32C031K6T3, STM32C031K6T6, STM32C031K6U3, STM32C031K6U6, STM32C051C6T6, STM32C051C6U6, STM32C051C8T6, STM32C051C8U6, STM32C051D8Y6TR, STM32C051F6P6, STM32C051F8P6, STM32C051G6U6, STM32C051G8U6, STM32C051K6T6, STM32C051K6U6, STM32C051K8T6, STM32C071C8T6, STM32C071C8T6N, STM32C071C8U6, STM32C071C8U6N, STM32C071CBT6, STM32C071CBT6N, STM32C071CBU6, STM32C071CBU6N, STM32C071F8P6, STM32C071F8P6N, STM32C071FBP6, STM32C071FBP6N, STM32C071FBY6TR, STM32C071G8U6, STM32C071G8U6N, STM32C071GBU6, STM32C071GBU6N, STM32C071K8T6, STM32C071K8T6N, STM32C071K8U6, STM32C071K8U6N, STM32C071KBT6, STM32C071KBT6N, STM32C071KBU6, STM32C071KBU6N, STM32C071R8T6, STM32C071R8T6N, STM32C071RBI6N, STM32C071RBT6, STM32C071RBT6N, STM32C091CBT6, STM32C091CBU6, STM32C091CCT6, STM32C091CCU6, STM32C091ECY6TR, STM32C091FBP6, STM32C091FCP6, STM32C091GBU6, STM32C091GCU6, STM32C091KBT6, STM32C091KBU6, STM32C091KCT6, STM32C091KCU6, STM32C091RBT6, STM32C091RCI6, STM32C091RCT6, STM32C092CBT6, STM32C092CBU6, STM32C092CCT6, STM32C092CCU6, STM32C092ECY6TR, STM32C092FBP6, STM32C092FCP6, STM32C092GBU6, STM32C092GCU6, STM32C092KBT6, STM32C092KBU6, STM32C092KCT6, STM32C092KCU6, STM32C092RBT6, STM32C092RCI6, STM32C092RCT6, STM32G071K8TXN, STM32G071K8UXN, STM32G081GBU6N, STM32G081KBT6N, STM32G081KBUXN, STM32G0B1CCT6N, STM32G0B1KCT6, STM32G0B1NEY6TR, STM32G0B1RCT6N, STM32G0C1CCT6, STM32G0C1CCT6N, STM32G0C1CCU6N, STM32G0C1CET6N, STM32G0C1CEU6N, STM32G0C1KCT6, STM32G0C1NEY6TR, STM32G0C1RCI6N, STM32G0C1RCT6N, STM32G0C1REI6N, STM32G0C1RET6N, STM32G0C1VCI6, STM32G0C1VEI6, STM32G411C6T3, STM32G411C6T6, STM32G411C6U3, STM32G411C6U6, STM32G411C8T3, STM32G411C8T6, STM32G411C8U3, STM32G411C8U6, STM32G411CBT3, STM32G411CBT6, STM32G411CBU3, STM32G411CBU6, STM32G411K6T3, STM32G411K6T6, STM32G411K6U3, STM32G411K6U6, STM32G411K8T3, STM32G411K8T6, STM32G411K8U3, STM32G411K8U6, STM32G411KBT3, STM32G411KBT6, STM32G411KBU3, STM32G411KBU6, STM32G411M6T3, STM32G411M6T6, STM32G411M8T3, STM32G411M8T6, STM32G411MBT3, STM32G411MBT6, STM32G411R6T3, STM32G411R6T6, STM32G411R8T3, STM32G411R8T6, STM32G411RBT3, STM32G411RBT6, STM32G414CBT3, STM32G414CBT6, STM32G414CBU3, STM32G414CBU6, STM32G414CCT3, STM32G414CCT6, STM32G414CCU3, STM32G414CCU6, STM32G414MBT3, STM32G414MBT6, STM32G414MCT3, STM32G414MCT6, STM32G414RBT3, STM32G414RBT6, STM32G414RCT3, STM32G414RCT6, STM32G414VBT3, STM32G414VBT6, STM32G414VCT3, STM32G414VCT6, STM32G431CBT3Z, STM32G431RBT3Z, STM32G471CCT6, STM32G471CCU6, STM32G471CET3, STM32G471CET6, STM32G471CEU3, STM32G471CEU6, STM32G471MCT6, STM32G471MET3, STM32G471MET6, STM32G471MEY6TR, STM32G471QCT6, STM32G471QET3, STM32G471RCT6, STM32G471RET3, STM32G471RET6, STM32G471VCH6, STM32G471VCI6, STM32G471VCT6, STM32G471VEH3, STM32G471VEH6, STM32G471VEI3, STM32G471VEI6, STM32G471VET3, STM32G471VET6, STM32G473QET3Z, STM32G473RET3Z, STM32G474CCT6, STM32G491RET3Z, STM32H503CBT6, STM32H503CBU6, STM32H503EBY6TR, STM32H503KBU6, STM32H503RBT6, STM32H523CCT6, STM32H523CCU6, STM32H523CET6, STM32H523CEU6, STM32H523HEY6TR, STM32H523RCT6, STM32H523RET6, STM32H523VCI6, STM32H523VCT6, STM32H523VEI6, STM32H523VET6, STM32H523ZCJ6, STM32H523ZCT6, STM32H523ZEJ6, STM32H523ZET6, STM32H533CET6, STM32H533CEU6, STM32H533HEY6TR, STM32H533RET6, STM32H533VEI6, STM32H533VET6, STM32H533ZEJ6, STM32H533ZET6, STM32H562AGI6, STM32H562AII6, STM32H562IGK6, STM32H562IGT6, STM32H562IIK6, STM32H562IIT6, STM32H562RGT6, STM32H562RGV6, STM32H562RIT6, STM32H562RIV6, STM32H562VGT6, STM32H562VIT6, STM32H562ZGT6, STM32H562ZIT6, STM32H563AGI6, STM32H563AII3Q, STM32H563AII6, STM32H563IGK6, STM32H563IGT6, STM32H563IIK3Q, STM32H563IIK6, STM32H563IIT3Q, STM32H563IIT6, STM32H563MIY3QTR, STM32H563RGT6, STM32H563RGV6, STM32H563RIT6, STM32H563RIV6, STM32H563VGT6, STM32H563VIT3Q, STM32H563VIT6, STM32H563ZGT6, STM32H563ZIT3Q, STM32H563ZIT6, STM32H573AII3Q, STM32H573AII6, STM32H573I-DK, STM32H573IIK3Q, STM32H573IIK6, STM32H573IIT3Q, STM32H573IIT6, STM32H573MIY3QTR, STM32H573RIT6, STM32H573RIV6, STM32H573VIT3Q, STM32H573VIT6, STM32H573ZIT3Q, STM32H573ZIT6, STM32H7R3A8I6, STM32H7R3I8K6, STM32H7R3I8T6, STM32H7R3L8H6, STM32H7R3L8H6H, STM32H7R3R8V6, STM32H7R3V8H6, STM32H7R3V8T6, STM32H7R3V8Y6TR, STM32H7R3Z8J6, STM32H7R3Z8T6, STM32H7R7A8I6, STM32H7R7I8K6, STM32H7R7I8T6, STM32H7R7L8H6, STM32H7R7L8H6H, STM32H7R7Z8J6, STM32H7S3A8I6, STM32H7S3I8K6, STM32H7S3I8T6, STM32H7S3L8H6, STM32H7S3L8H6H, STM32H7S3R8V6, STM32H7S3V8H6, STM32H7S3V8T6, STM32H7S3V8Y6TR, STM32H7S3Z8J6, STM32H7S3Z8T6, STM32H7S78-DK, STM32H7S7A8I6, STM32H7S7I8K6, STM32H7S7I8T6, STM32H7S7L8H6, STM32H7S7L8H6H, STM32H7S7Z8J6, STM32L4R5QGI6STR, STM32MP131AAE3, STM32MP131AAF3, STM32MP131AAG3, STM32MP131CAE3, STM32MP131CAF3, STM32MP131CAG3, STM32MP131DAE7, STM32MP131DAF7, STM32MP131DAG7, STM32MP131FAE7, STM32MP131FAF7, STM32MP131FAG7, STM32MP133AAE3, STM32MP133AAF3, STM32MP133AAG3, STM32MP133CAE3, STM32MP133CAF3, STM32MP133CAG3, STM32MP133DAE7, STM32MP133DAF7, STM32MP133DAG7, STM32MP133FAE7, STM32MP133FAF7, STM32MP133FAG7, STM32MP135AAE3, STM32MP135AAF3, STM32MP135AAG3, STM32MP135CAE3, STM32MP135CAF3, STM32MP135CAG3, STM32MP135DAE7, STM32MP135DAF7, STM32MP135DAG7, STM32MP135F-DK, STM32MP135FAE7, STM32MP135FAF7, STM32MP135FAF7T, STM32MP135FAF7U, STM32MP135FAG7, STM32MP211AAL3, STM32MP211AAM3, STM32MP211AAN3, STM32MP211AAO3, STM32MP211CAL3, STM32MP211CAM3, STM32MP211CAN3, STM32MP211CAO3, STM32MP211DAL3, STM32MP211DAM3, STM32MP211DAN3, STM32MP211DAO3, STM32MP211FAL3, STM32MP211FAM3, STM32MP211FAN3, STM32MP211FAO3, STM32MP213AAL3, STM32MP213AAM3, STM32MP213AAN3, STM32MP213AAO3, STM32MP213CAL3, STM32MP213CAM3, STM32MP213CAN3, STM32MP213CAO3, STM32MP213DAL3, STM32MP213DAM3, STM32MP213DAN3, STM32MP213DAO3, STM32MP213FAL3, STM32MP213FAM3, STM32MP213FAN3, STM32MP213FAO3, STM32MP215AAL3, STM32MP215AAM3, STM32MP215AAN3, STM32MP215AAO3, STM32MP215CAL3, STM32MP215CAM3, STM32MP215CAN3, STM32MP215CAO3, STM32MP215DAL3, STM32MP215DAM3, STM32MP215DAN3, STM32MP215DAO3, STM32MP215F-DK, STM32MP215FAL3, STM32MP215FAM3, STM32MP215FAN3, STM32MP215FAO3, STM32MP231AAJ3, STM32MP231AAK3, STM32MP231AAL3, STM32MP231CAJ3, STM32MP231CAK3, STM32MP231CAL3, STM32MP231DAJ3, STM32MP231DAK3, STM32MP231DAL3, STM32MP231FAJ3, STM32MP231FAK3, STM32MP231FAL3, STM32MP233AAJ3, STM32MP233AAK3, STM32MP233AAL3, STM32MP233CAJ3, STM32MP233CAK3, STM32MP233CAL3, STM32MP233DAJ3, STM32MP233DAK3, STM32MP233DAL3, STM32MP233FAJ3, STM32MP233FAK3, STM32MP233FAL3, STM32MP235AAJ3, STM32MP235AAK3, STM32MP235AAL3, STM32MP235CAJ3, STM32MP235CAK3, STM32MP235CAL3, STM32MP235DAJ3, STM32MP235DAK3, STM32MP235DAL3, STM32MP235FAJ3, STM32MP235FAK3, STM32MP235FAL3, STM32MP251AAI3, STM32MP251AAK3, STM32MP251AAL3, STM32MP251CAI3, STM32MP251CAK3, STM32MP251CAL3, STM32MP251DAI3, STM32MP251DAK3, STM32MP251DAL3, STM32MP251FAI3, STM32MP251FAK3, STM32MP251FAL3, STM32MP253AAI3, STM32MP253AAK3, STM32MP253AAL3, STM32MP253CAI3, STM32MP253CAK3, STM32MP253CAL3, STM32MP253DAI3, STM32MP253DAK3, STM32MP253DAL3, STM32MP253FAI3, STM32MP253FAK3, STM32MP253FAL3, STM32MP255AAI3, STM32MP255AAK3, STM32MP255AAL3, STM32MP255CAI3, STM32MP255CAK3, STM32MP255CAL3, STM32MP255DAI3, STM32MP255DAK3, STM32MP255DAL3, STM32MP255FAI3, STM32MP255FAK3, STM32MP255FAL3, STM32MP257AAI3, STM32MP257AAK3, STM32MP257AAL3, STM32MP257CAI3, STM32MP257CAK3, STM32MP257CAL3, STM32MP257DAI3, STM32MP257DAK3, STM32MP257DAL3, STM32MP257F-DK, STM32MP257F-EV1, STM32MP257FAI3, STM32MP257FAK3, STM32MP257FAL3, STM32N645A0H3Q, STM32N645B0H3Q, STM32N645I0H3Q, STM32N645L0H3Q, STM32N645X0H3Q, STM32N645Z0H3Q, STM32N647A0H3Q, STM32N647B0H3Q, STM32N647I0H3Q, STM32N647L0H3Q, STM32N647X0H3Q, STM32N647Z0H3Q, STM32N655A0H3Q, STM32N655B0H3Q, STM32N655I0H3Q, STM32N655L0H3Q, STM32N655X0H3Q, STM32N655Z0H3Q, STM32N6570-DK, STM32N657A0H3Q, STM32N657B0H3Q, STM32N657I0H3Q, STM32N657L0H3Q, STM32N657X0H3Q, STM32N657Z0H3Q, STM32U031C6T6, STM32U031C6U6, STM32U031C8T6, STM32U031C8U6, STM32U031F4P6, STM32U031F6P6, STM32U031F8P6, STM32U031G6Y6TR, STM32U031G8Y6TR, STM32U031K4U6, STM32U031K6U6, STM32U031K8U6, STM32U031R6I6, STM32U031R6T6, STM32U031R8I6, STM32U031R8T6, STM32U073C8T6, STM32U073C8U6, STM32U073CBT6, STM32U073CBU6, STM32U073CCT6, STM32U073CCU6, STM32U073H8Y6TR, STM32U073HBY6TR, STM32U073HCY6TR, STM32U073K8U6, STM32U073KBU6, STM32U073KCU6, STM32U073M8I6, STM32U073M8T6, STM32U073MBI6, STM32U073MBT6, STM32U073MCI6, STM32U073MCT6, STM32U073R8I6, STM32U073R8T6, STM32U073RBI6, STM32U073RBT6, STM32U073RCI6, STM32U073RCT6, STM32U083C-DK, STM32U083CCT6, STM32U083CCU6, STM32U083HCY6TR, STM32U083KCU6, STM32U083MCI6, STM32U083MCT6, STM32U083RCI6, STM32U083RCT6, STM32U375CET6, STM32U375CET6Q, STM32U375CEU6, STM32U375CEU6Q, STM32U375CEY6QTR, STM32U375CGT6, STM32U375CGT6Q, STM32U375CGU6, STM32U375CGU6Q, STM32U375CGY6QTR, STM32U375KEU6, STM32U375KGU6, STM32U375REI6, STM32U375REI6Q, STM32U375RET6, STM32U375RET6Q, STM32U375REY6GTR, STM32U375REY6QTR, STM32U375RGI6, STM32U375RGI6Q, STM32U375RGT6, STM32U375RGT6Q, STM32U375RGY6GTR, STM32U375RGY6QTR, STM32U375VEI6, STM32U375VEI6Q, STM32U375VET6, STM32U375VET6Q, STM32U375VGI6, STM32U375VGI6Q, STM32U375VGT6, STM32U375VGT6Q, STM32U385CGT6, STM32U385CGT6Q, STM32U385CGU6, STM32U385CGU6Q, STM32U385CGY6QTR, STM32U385KGU6, STM32U385RGI6, STM32U385RGI6Q, STM32U385RGT6, STM32U385RGT6Q, STM32U385RGY6GTR, STM32U385RGY6QTR, STM32U385VGI6, STM32U385VGI6Q, STM32U385VGT6, STM32U385VGT6Q, STM32U535CBT6, STM32U535CBT6Q, STM32U535CBU6, STM32U535CBU6Q, STM32U535CCT6, STM32U535CCT6Q, STM32U535CCU6, STM32U535CCU6Q, STM32U535CET6, STM32U535CET6Q, STM32U535CEU6, STM32U535CEU6Q, STM32U535JEY6QTR, STM32U535NCY6QTR, STM32U535NEY6QTR, STM32U535RBI6, STM32U535RBI6Q, STM32U535RBT6, STM32U535RBT6Q, STM32U535RCI6, STM32U535RCI6Q, STM32U535RCT6, STM32U535RCT6Q, STM32U535REI6, STM32U535REI6Q, STM32U535RET6, STM32U535RET6Q, STM32U535VCI6, STM32U535VCI6Q, STM32U535VCT6, STM32U535VCT6Q, STM32U535VEI6, STM32U535VEI6Q, STM32U535VET6, STM32U535VET6Q, STM32U545CET6, STM32U545CET6Q, STM32U545CEU6, STM32U545CEU6Q, STM32U545JEY6QTR, STM32U545NEY6QTR, STM32U545REI6, STM32U545REI6Q, STM32U545RET6, STM32U545RET6Q, STM32U545VEI6, STM32U545VEI6Q, STM32U545VET6, STM32U545VET6Q, STM32U595AIH6, STM32U595AIH6Q, STM32U595AJH6, STM32U595AJH6Q, STM32U595QII6, STM32U595QII6Q, STM32U595QJI6, STM32U595QJI6Q, STM32U595RIT6, STM32U595RIT6Q, STM32U595RJT6, STM32U595RJT6Q, STM32U595VIT6, STM32U595VIT6Q, STM32U595VJT6, STM32U595VJT6Q, STM32U595ZIT6, STM32U595ZIT6Q, STM32U595ZIY6QTR, STM32U595ZJT6, STM32U595ZJT6Q, STM32U595ZJY6QTR, STM32U599BJY6QTR, STM32U599NIH6Q, STM32U599NJH6Q, STM32U599VIT6Q, STM32U599VJT6, STM32U599VJT6Q, STM32U599ZIT6Q, STM32U599ZIY6QTR, STM32U599ZJT6Q, STM32U599ZJY6QTR, STM32U5A5AJH6, STM32U5A5AJH6Q, STM32U5A5QII3Q , STM32U5A5QJI6, STM32U5A5QJI6Q, STM32U5A5RJT6, STM32U5A5RJT6Q, STM32U5A5VJT6, STM32U5A5VJT6Q, STM32U5A5ZJT6, STM32U5A5ZJT6Q, STM32U5A5ZJY6QTR, STM32U5A9BJY6QTR, STM32U5A9J-DK, STM32U5A9NJH6Q, STM32U5A9VJT6Q, STM32U5A9ZJT6Q, STM32U5A9ZJY6QTR, STM32U5F7VIT6, STM32U5F7VIT6Q, STM32U5F7VJT6, STM32U5F7VJT6Q, STM32U5F9BJY6QTR, STM32U5F9NJH6Q, STM32U5F9VIT6Q, STM32U5F9VJT6Q, STM32U5F9ZIJ6QTR, STM32U5F9ZIT6Q, STM32U5F9ZJJ6QTR, STM32U5F9ZJT6Q, STM32U5G7VJT6, STM32U5G7VJT6Q, STM32U5G9BJY6QTR, STM32U5G9J-DK1, STM32U5G9J-DK2, STM32U5G9NJH6Q, STM32U5G9VJT6Q, STM32U5G9ZJJ6QTR, STM32U5G9ZJT6Q, STM32WB05KZV6TR, STM32WB05KZV7TR, STM32WB05TZF6TR, STM32WB05TZF7TR, STM32WB06CCF6TR, STM32WB06CCF7TR, STM32WB06CCV6TR, STM32WB06CCV7TR, STM32WB06KCV6TR, STM32WB06KCV7TR, STM32WB07CCF6TR, STM32WB07CCF7TR, STM32WB07CCV6TR, STM32WB07CCV7TR, STM32WB07KCV6TR, STM32WB07KCV7TR, STM32WB09KEV6TR, STM32WB09KEV7TR, STM32WB09TEF6TR, STM32WB09TEF7TR, STM32WB1MMCH6, STM32WBA50KGU6, STM32WBA50KGU6TR, STM32WBA52CEU6, STM32WBA52CEU6TR, STM32WBA52CEU7, STM32WBA52CEU7TR, STM32WBA52CGU6, STM32WBA52CGU6TR, STM32WBA52CGU6U, STM32WBA52CGU7, STM32WBA52CGU7TR, STM32WBA52KEU6, STM32WBA52KEU6TR, STM32WBA52KGU6, STM32WBA52KGU6TR, STM32WBA54CEU6, STM32WBA54CEU6TR, STM32WBA54CEU7, STM32WBA54CEU7TR, STM32WBA54CGU6, STM32WBA54CGU6TR, STM32WBA54CGU7, STM32WBA54CGU7TR, STM32WBA54KEU6, STM32WBA54KEU6TR, STM32WBA54KEU7, STM32WBA54KEU7TR, STM32WBA54KGU6, STM32WBA54KGU6TR, STM32WBA54KGU7, STM32WBA54KGU7TR, STM32WBA55CEU6, STM32WBA55CEU6TR, STM32WBA55CEU7, STM32WBA55CEU7TR, STM32WBA55CGU6, STM32WBA55CGU6TR, STM32WBA55CGU6U, STM32WBA55CGU7, STM32WBA55CGU7TR, STM32WBA55G-DK1, STM32WBA55HEF6, STM32WBA55HEF7, STM32WBA55HGF6, STM32WBA55HGF7, STM32WBA55UEI6, STM32WBA55UEI6TR, STM32WBA55UEI7, STM32WBA55UEI7TR, STM32WBA55UGI6, STM32WBA55UGI6TR, STM32WBA55UGI7, STM32WBA55UGI7TR, STM32WBA5MMGH6TR, STM32WBA62MGF6, STM32WBA62MIF6, STM32WBA65MGF7, STM32WBA65MIF6, STM32WBA65MIF7, STM32WL30K8V6, STM32WL30KBV6, STM32WL31C8V6, STM32WL31CBV6, STM32WL31K8V6, STM32WL31KBV6, STM32WL33C8V6, STM32WL33C8V6X, STM32WL33CBV6, STM32WL33CBV6X, STM32WL33CCV6, STM32WL33CCV6A, STM32WL33CCV6X, STM32WL33K8V7, STM32WL33K8V7X, STM32WL33KBV7 , STM32WL33KBV7X, STM32WL33KCV7, STM32WL33KCV7X, STM32WL5MOCH6, STM32WL5MOCH6TR]
2026-04-13 21:37:05,050 [INFO] BoardInfo:889 - No configuration file found for board NUCLEO-H5E5ZJ
2026-04-13 21:37:05,052 [INFO] DbBoards:161 - Board is not supported: NUCLEO-H5E5ZJ
2026-04-13 21:37:05,201 [INFO] BoardInfo:889 - No configuration file found for board NUCLEO-U3C5ZI-Q
2026-04-13 21:37:05,206 [INFO] DbBoards:161 - Board is not supported: NUCLEO-U3C5ZI-Q
2026-04-13 21:37:05,246 [INFO] BoardInfo:889 - No configuration file found for board NUCLEO-WBA25CE1
2026-04-13 21:37:05,249 [INFO] DbBoards:161 - Board is not supported: NUCLEO-WBA25CE1
2026-04-13 21:37:05,261 [INFO] BoardInfo:889 - No configuration file found for board NUCLEO-WL3RKB1
2026-04-13 21:37:05,264 [INFO] DbBoards:161 - Board is not supported: NUCLEO-WL3RKB1
2026-04-13 21:37:05,264 [INFO] BoardInfo:889 - No configuration file found for board NUCLEO-WL3RKB2
2026-04-13 21:37:05,266 [INFO] DbBoards:161 - Board is not supported: NUCLEO-WL3RKB2
2026-04-13 21:37:05,287 [INFO] BoardInfo:889 - No configuration file found for board P-NUCLEO-WB55
2026-04-13 21:37:05,292 [INFO] DbBoards:161 - Kit is not supported: P-NUCLEO-WB55
2026-04-13 21:37:05,306 [INFO] BoardInfo:889 - No configuration file found for board STEVAL-BFA001V1B
2026-04-13 21:37:05,308 [INFO] DbBoards:161 - Kit is not supported: STEVAL-BFA001V1B
2026-04-13 21:37:05,310 [INFO] BoardInfo:889 - No configuration file found for board STEVAL-BFA001V2B
2026-04-13 21:37:05,311 [INFO] DbBoards:161 - Kit is not supported: STEVAL-BFA001V2B
2026-04-13 21:37:05,607 [INFO] BoardInfo:889 - No configuration file found for board STM32H5F5J-DK
2026-04-13 21:37:05,608 [INFO] DbBoards:161 - Board is not supported: STM32H5F5J-DK
2026-04-13 21:37:05,857 [INFO] DbBoards:168 - Found 218 boards, 209 are supported
2026-04-13 21:37:05,857 [INFO] DbBoards:169 - Found 218 boards, 43 of them is supported for  Bsp
2026-04-13 21:37:05,865 [INFO] ApiDb:423 - Load user favorites file C:\Users\Usuario/.stm32cubeide/favorites.boards.txt: 1 item(s)
2026-04-13 21:37:05,865 [INFO] ApiDb:427 - User favorites Boards=[STM32F411E-DISCO]
2026-04-13 21:37:05,866 [INFO] DbBoards:198 - Set 1 / 1 favorites Boards
2026-04-13 21:37:05,869 [INFO] ApiDb:668 - CubeFinder database Data Model version=2.1
2026-04-13 21:37:05,869 [INFO] ApiDb:669 - CubeFinder database Configuration version=3.0.42
2026-04-13 21:37:05,869 [INFO] ApiDb:670 - CubeFinder database generation date=2026-03-11 (1773229989)
2026-04-13 21:37:05,869 [INFO] ApiDb:671 - CubeFinder database FW Pack versions=[FP-ATR-ASTRA1_V2.0.0, FP-SNS-FLIGHT1_V5.1.0, FP-SNS-MOTENV1_V5.1.0, FP-SNS-MOTENVWB1_V1.5.0, FP-SNS-SMARTAG2_V1.2.0, FP-SNS-STBOX1_V2.1.0, STM32Cube_FW_C0_V1.4.0, STM32Cube_FW_F4_V1.28.3, STM32Cube_FW_F7_V1.17.4, STM32Cube_FW_G0_V1.6.3, STM32Cube_FW_G4_V1.6.2, STM32Cube_FW_H5_V1.6.0, STM32Cube_FW_H7RS_V1.3.0, STM32Cube_FW_H7_V1.13.0, STM32Cube_FW_L0_V1.12.2, STM32Cube_FW_L4_V1.18.2, STM32Cube_FW_L5_V1.6.0, STM32Cube_FW_N6_V1.3.0, STM32Cube_FW_U0_V1.3.0, STM32Cube_FW_U3_V1.3.0, STM32Cube_FW_U5_V1.8.0, STM32Cube_FW_WB0_V1.4.0, STM32Cube_FW_WBA_V1.9.0, STM32Cube_FW_WB_V1.24.0, STM32Cube_FW_WL3_V1.4.0, STM32Cube_FW_WL_V1.5.0, X-CUBE-ALGOBUILD_V1.4.0, X-CUBE-ALS_V1.0.2, X-CUBE-AZRTOS-F4_V1.1.0, X-CUBE-AZRTOS-F7_V1.1.0, X-CUBE-AZRTOS-G0_V1.1.0, X-CUBE-AZRTOS-G4_V2.0.0, X-CUBE-AZRTOS-H7RS_V1.1.0, X-CUBE-AZRTOS-H7_V3.4.0, X-CUBE-AZRTOS-L4_V2.0.0, X-CUBE-AZRTOS-L5_V2.0.0, X-CUBE-AZRTOS-WB_V2.0.0, X-CUBE-AZRTOS-WL_V2.0.0, X-CUBE-BLE1_V7.1.0, X-CUBE-BLE2_V3.3.0, X-CUBE-BLEMGR_V4.1.0, X-CUBE-EEPRMA1_V5.2.0, X-CUBE-FREERTOS_V1.5.0, X-CUBE-GNSS1_V6.0.0, X-CUBE-MEMS1_V12.0.0, X-CUBE-NFC4_V3.0.0, X-CUBE-NFC7_V2.0.0, X-CUBE-SFXS2LP1_V4.0.0, X-CUBE-ST67W61_V1.2.0, X-CUBE-SUBG2_V5.0.0, X-CUBE-TOF1_V3.4.3]
2026-04-13 21:37:06,966 [ERROR] DbExamplesSqlite:437 - Missing JSON key: board_cpn
2026-04-13 21:37:06,968 [ERROR] DbExamplesSqlite:437 - Missing JSON key: board_cpn
2026-04-13 21:37:06,968 [ERROR] DbExamplesSqlite:437 - Missing JSON key: board_cpn
2026-04-13 21:37:06,968 [ERROR] DbExamplesSqlite:437 - Missing JSON key: board_cpn
2026-04-13 21:37:07,535 [ERROR] DbExamplesSqlite:437 - Missing JSON key: board_cpn
2026-04-13 21:37:07,535 [ERROR] DbExamplesSqlite:437 - Missing JSON key: board_cpn
2026-04-13 21:37:07,670 [INFO] DbExamplesSqlite:395 - Ignored 39 examples not supported by CubeIDE
2026-04-13 21:37:07,670 [INFO] DbExamplesSqlite:396 - Found 11210 examples active
2026-04-13 21:37:07,671 [INFO] DbExamplesSqlite:397 - Found 0 examples obsolete
2026-04-13 21:37:07,671 [INFO] DbExamplesSqlite:398 - Found 0 examples under development
2026-04-13 21:37:07,671 [INFO] DbExamplesSqlite:399 - Found 76 examples not building
2026-04-13 21:37:07,677 [INFO] DbExamples:125 - Found 11247 examples
2026-04-13 21:37:07,823 [ERROR] DbExamples:208 - Found 377 examples with invalid data (board or MCU)
2026-04-13 21:37:07,825 [INFO] DbExamples:222 - Found 140 boards with related examples
2026-04-13 21:37:07,828 [INFO] DbExamples:235 - Found 114 MCUs with related examples
2026-04-13 21:37:07,885 [INFO] ApiDb:414 - User favorites file not found: C:\Users\Usuario/.stm32cubeide/favorites.examples.txt
2026-04-13 21:37:07,885 [INFO] DbExamples:250 - Set 0 / 0 favorites Examples
2026-04-13 21:37:08,193 [INFO] McuFinderGlobals:76 - Set McuFinderConnectedMode to true
2026-04-13 21:37:08,205 [INFO] MultiScanPanel:200 - Auto-refresh data requested => check proxy status ongoing
2026-04-13 21:37:08,212 [INFO] FinderPluginLoader:96 - Searching for filters in installed packs
2026-04-13 21:37:11,006 [INFO] LoadUrlFilesThread:185 - End of LoadServerUrlFiles without Thread
2026-04-13 21:37:11,038 [INFO] DetailPanel:341 - Set advertising image to C:/Users/Usuario/STM32Cube/Repository/\en.prom-stm32u3b5-u3c5-0426.jpg
2026-04-13 21:39:05,491 [INFO] MultiScanPanel:200 - Auto-refresh data requested => check proxy status ongoing
2026-04-13 21:39:05,609 [INFO] LoadUrlFilesThread:185 - End of LoadServerUrlFiles without Thread
2026-04-13 21:39:05,609 [INFO] DetailPanel:341 - Set advertising image to C:/Users/Usuario/STM32Cube/Repository/\en.prom-stm32u3b5-u3c5-0426.jpg
2026-04-13 21:39:05,623 [INFO] DbBoards:642 - Loading board mini-images...
2026-04-13 21:39:07,937 [INFO] DbBoards:665 - Loaded 218 board mini-images
2026-04-13 21:39:36,145 [INFO] MainUpdater:2872 - connection check result : 10
2026-04-13 21:39:36,145 [INFO] MainUpdater:2872 - connection check result : 10
2026-04-13 21:39:36,185 [INFO] MicroXplorer:468 - Change Database Path : 
2026-04-13 21:39:36,185 [INFO] MicroXplorer:498 - Change Database Version : DB.6.0.150
2026-04-13 21:39:36,192 [WARN] ThirdParty:871 - waiting for thirdparty lock release [close project]
2026-04-13 21:39:36,193 [INFO] ThirdParty:873 - entering critical section [close project]
2026-04-13 21:39:36,194 [INFO] ThirdParty:883 - exiting critical section [close project]
2026-04-13 21:39:36,198 [INFO] PinOutPanel:1589 - setPackage(No Configuration,No Configuration)
2026-04-13 21:39:36,199 [INFO] UtilMem:75 - Begin LoadConfig() Used Memory: 797429104 Bytes (1073741824)
2026-04-13 21:39:36,207 [INFO] OpenFileManager:355 - Change cursor
2026-04-13 21:39:36,273 [INFO] ProjectFactory:514 - No CPN specified for board STM32F411E-DISCO => set CPN to STM32F411VET6
2026-04-13 21:39:36,274 [INFO] Mcu:2029 - Initializing MCU STM32F411V(C-E)Tx STM32F411VETx STM32F411VET6
2026-04-13 21:39:37,522 [INFO] Context:786 - Trying to add GPIOservice into a context  which must be forbidden
2026-04-13 21:39:37,908 [INFO] Rule:233 - rule 117617 - U5Cobra4M][GTZC] default value MPCBB3 and MPCBB5 - Not Secured memory - MPCBB1 is applicable
2026-04-13 21:39:37,909 [INFO] Rule:233 - rule 117617 - U5Cobra4M][GTZC] default value MPCBB3 and MPCBB5 - Not Secured memory - MPCBB1 is applicable
2026-04-13 21:39:37,909 [INFO] Rule:233 - rule 117617 - U5Cobra4M][GTZC] default value MPCBB3 and MPCBB5 - Not Secured memory - MPCBB2 is applicable
2026-04-13 21:39:37,909 [INFO] Rule:233 - rule 117617 - U5Cobra4M][GTZC] default value MPCBB3 and MPCBB5 - Not Secured memory - MPCBB2 is applicable
2026-04-13 21:39:37,909 [INFO] Rule:233 - rule 117617 - U5Cobra4M][GTZC] default value MPCBB3 and MPCBB5 - Not Secured memory - MPCBB3 is applicable
2026-04-13 21:39:37,909 [INFO] Rule:233 - rule 117617 - U5Cobra4M][GTZC] default value MPCBB3 and MPCBB5 - Not Secured memory - MPCBB3 is applicable
2026-04-13 21:39:37,909 [INFO] Rule:233 - rule 117617 - U5Cobra4M][GTZC] default value MPCBB3 and MPCBB5 - Not Secured memory - MPCBB4 is applicable
2026-04-13 21:39:37,909 [INFO] Rule:233 - rule 117617 - U5Cobra4M][GTZC] default value MPCBB3 and MPCBB5 - Not Secured memory - MPCBB4 is applicable
2026-04-13 21:39:37,909 [INFO] Rule:233 - rule 117617 - U5Cobra4M][GTZC] default value MPCBB3 and MPCBB5 - Secured memory - MPCBB1 is applicable
2026-04-13 21:39:37,909 [INFO] Rule:233 - rule 117617 - U5Cobra4M][GTZC] default value MPCBB3 and MPCBB5 - Secured memory - MPCBB2 is applicable
2026-04-13 21:39:37,909 [INFO] Rule:233 - rule 117617 - U5Cobra4M][GTZC] default value MPCBB3 and MPCBB5 - Secured memory - MPCBB3 is applicable
2026-04-13 21:39:37,909 [INFO] Rule:233 - rule 117617 - U5Cobra4M][GTZC] default value MPCBB3 and MPCBB5 - Secured memory - MPCBB4 is applicable
2026-04-13 21:39:37,909 [INFO] Rule:233 - rule 117617 - U5Cobra4M][GTZC] default value MPCBB3 and MPCBB5 - Privileged memory - MPCBB1 is applicable
2026-04-13 21:39:37,909 [INFO] Rule:233 - rule 117617 - U5Cobra4M][GTZC] default value MPCBB3 and MPCBB5 - Privileged memory - MPCBB2 is applicable
2026-04-13 21:39:37,909 [INFO] Rule:233 - rule 117617 - U5Cobra4M][GTZC] default value MPCBB3 and MPCBB5 - Privileged memory - MPCBB3 is applicable
2026-04-13 21:39:37,909 [INFO] Rule:233 - rule 117617 - U5Cobra4M][GTZC] default value MPCBB3 and MPCBB5 - Privileged memory - MPCBB4 is applicable
2026-04-13 21:39:37,910 [INFO] Rule:233 - rule 117617 - U5Cobra4M][GTZC] default value MPCBB3 and MPCBB5 - Not Privileged memory - MPCBB1 is applicable
2026-04-13 21:39:37,910 [INFO] Rule:233 - rule 117617 - U5Cobra4M][GTZC] default value MPCBB3 and MPCBB5 - Not Privileged memory - MPCBB2 is applicable
2026-04-13 21:39:37,910 [INFO] Rule:233 - rule 117617 - U5Cobra4M][GTZC] default value MPCBB3 and MPCBB5 - Not Privileged memory - MPCBB3 is applicable
2026-04-13 21:39:37,910 [INFO] Rule:233 - rule 117617 - U5Cobra4M][GTZC] default value MPCBB3 and MPCBB5 - Not Privileged memory - MPCBB4 is applicable
2026-04-13 21:39:37,910 [INFO] Rule:233 - rule 117617 - U5Cobra4M][GTZC] default value MPCBB3 and MPCBB5 - Privileged memory - MPCBB1 is applicable
2026-04-13 21:39:37,910 [INFO] Rule:233 - rule 117617 - U5Cobra4M][GTZC] default value MPCBB3 and MPCBB5 - Privileged memory - MPCBB2 is applicable
2026-04-13 21:39:37,910 [INFO] Rule:233 - rule 117617 - U5Cobra4M][GTZC] default value MPCBB3 and MPCBB5 - Privileged memory - MPCBB3 is applicable
2026-04-13 21:39:37,910 [INFO] Rule:233 - rule 117617 - U5Cobra4M][GTZC] default value MPCBB3 and MPCBB5 - Privileged memory - MPCBB4 is applicable
2026-04-13 21:39:37,910 [INFO] Rule:233 - rule 117617 - U5Cobra4M][GTZC] default value MPCBB3 and MPCBB5 - Privileged memory - MPCBB1 is applicable
2026-04-13 21:39:37,910 [INFO] Rule:233 - rule 117617 - U5Cobra4M][GTZC] default value MPCBB3 and MPCBB5 - Privileged memory - MPCBB2 is applicable
2026-04-13 21:39:37,910 [INFO] Rule:233 - rule 117617 - U5Cobra4M][GTZC] default value MPCBB3 and MPCBB5 - Privileged memory - MPCBB3 is applicable
2026-04-13 21:39:37,910 [INFO] Rule:233 - rule 117617 - U5Cobra4M][GTZC] default value MPCBB3 and MPCBB5 - Privileged memory - MPCBB4 is applicable
2026-04-13 21:39:37,910 [INFO] Rule:233 - rule 117617 - U5Cobra4M][GTZC] default value MPCBB3 and MPCBB5 - Not Privileged memory - MPCBB1 is applicable
2026-04-13 21:39:37,910 [INFO] Rule:233 - rule 117617 - U5Cobra4M][GTZC] default value MPCBB3 and MPCBB5 - Not Privileged memory - MPCBB2 is applicable
2026-04-13 21:39:37,910 [INFO] Rule:233 - rule 117617 - U5Cobra4M][GTZC] default value MPCBB3 and MPCBB5 - Not Privileged memory - MPCBB3 is applicable
2026-04-13 21:39:37,910 [INFO] Rule:233 - rule 117617 - U5Cobra4M][GTZC] default value MPCBB3 and MPCBB5 - Not Privileged memory - MPCBB4 is applicable
2026-04-13 21:39:37,910 [INFO] Rule:233 - rule 117617 - U5Cobra4M][GTZC] default value MPCBB3 and MPCBB5 - Privileged memory - MPCBB1 is applicable
2026-04-13 21:39:37,910 [INFO] Rule:233 - rule 117617 - U5Cobra4M][GTZC] default value MPCBB3 and MPCBB5 - Privileged memory - MPCBB2 is applicable
2026-04-13 21:39:37,910 [INFO] Rule:233 - rule 117617 - U5Cobra4M][GTZC] default value MPCBB3 and MPCBB5 - Privileged memory - MPCBB3 is applicable
2026-04-13 21:39:37,910 [INFO] Rule:233 - rule 117617 - U5Cobra4M][GTZC] default value MPCBB3 and MPCBB5 - Privileged memory - MPCBB4 is applicable
2026-04-13 21:39:37,910 [INFO] Rule:233 - rule Rename SubGHz_Phy SUBGHZ_APPLICATION SUBGHZ_PINGPONG to SUBGHZ_ADV_APPLICATION is applicable
2026-04-13 21:39:37,910 [INFO] Rule:233 - rule Rename Enabled to IBEACON is applicable
2026-04-13 21:39:37,910 [INFO] Rule:233 - rule GTZC_S instance for project manager is applicable
2026-04-13 21:39:37,910 [INFO] Rule:233 - rule GTZC_S instance for context M33S is applicable
2026-04-13 21:39:37,910 [INFO] Rule:233 - rule GTZC_S instance value for IP GTZC is applicable
2026-04-13 21:39:37,910 [INFO] Rule:233 - rule GTZC_S instance for mcu.IP is applicable
2026-04-13 21:39:37,910 [INFO] Rule:233 - rule GTZC_S instance for VP is applicable
2026-04-13 21:39:37,910 [INFO] Rule:233 - rule GTZC_S instance for signal is applicable
2026-04-13 21:39:37,910 [INFO] Rule:233 - rule GTZC_S instance for mcu.Pin is applicable
2026-04-13 21:39:37,911 [INFO] Rule:233 - rule GTZC_S instance for VP is applicable
2026-04-13 21:39:37,911 [INFO] Rule:233 - rule GTZC_S instance for signal is applicable
2026-04-13 21:39:37,911 [INFO] Rule:233 - rule GTZC_S instance for mcu is applicable
2026-04-13 21:39:37,911 [INFO] Rule:233 - rule GTZC_S instance for mcu.Pin is applicable
2026-04-13 21:39:37,911 [INFO] Rule:233 - rule GTZC_S instance value for IP GTZC is applicable
2026-04-13 21:39:37,911 [INFO] Rule:233 - rule GTZC_S instance for project manager is applicable
2026-04-13 21:39:37,911 [INFO] Rule:233 - rule GTZC_S instance for context M33S is applicable
2026-04-13 21:39:37,911 [INFO] Rule:233 - rule GTZC_S instance for VP is applicable
2026-04-13 21:39:37,911 [INFO] Rule:233 - rule GTZC_S instance for signal is applicable
2026-04-13 21:39:37,911 [INFO] Rule:233 - rule SPDIFRX instance for mcu is applicable
2026-04-13 21:39:37,911 [INFO] Rule:233 - rule Rename Tracer Mode is applicable
2026-04-13 21:39:37,911 [INFO] Rule:233 - rule SPDIFRX instance value for IP SPDIFRX is applicable
2026-04-13 21:39:37,911 [INFO] Rule:233 - rule SPDIFRX instance for signal is applicable
2026-04-13 21:39:37,911 [INFO] Rule:233 - rule SPDIFRX instance for project manager is applicable
2026-04-13 21:39:37,911 [INFO] Rule:233 - rule SPDIFRX instance for project manager is applicable
2026-04-13 21:39:37,911 [INFO] Rule:233 - rule ADC Scan  fix with FW F7 is applicable
2026-04-13 21:39:37,911 [INFO] Rule:233 - rule ADC Scan  fix with FW F7 is applicable
2026-04-13 21:39:37,912 [INFO] Rule:233 - rule WakeUp0 Mode is applicable
2026-04-13 21:39:37,912 [INFO] Rule:233 - rule WakeUp0 SIGNAL is applicable
2026-04-13 21:39:37,912 [INFO] Rule:233 - rule WakeUp1 Mode is applicable
2026-04-13 21:39:37,912 [INFO] Rule:233 - rule WakeUp1 SIGNAL is applicable
2026-04-13 21:39:37,912 [INFO] Rule:233 - rule WakeUp2 Mode is applicable
2026-04-13 21:39:37,912 [INFO] Rule:233 - rule WakeUp2 SIGNAL is applicable
2026-04-13 21:39:37,912 [INFO] Rule:233 - rule WakeUp4 Mode is applicable
2026-04-13 21:39:37,912 [INFO] Rule:233 - rule WakeUp4 SIGNAL is applicable
2026-04-13 21:39:37,912 [INFO] Rule:233 - rule WakeUp5 Mode is applicable
2026-04-13 21:39:37,912 [INFO] Rule:233 - rule WakeUp5 SIGNAL is applicable
2026-04-13 21:39:37,912 [INFO] Rule:233 - rule UART/USART WORD LENGTH 7 is applicable
2026-04-13 21:39:37,912 [INFO] Rule:233 - rule UART/USART WORD LENGTH 8 is applicable
2026-04-13 21:39:37,912 [INFO] Rule:233 - rule UART/USART WORD LENGTH 9 is applicable
2026-04-13 21:39:37,912 [INFO] Rule:233 - rule Change Default Value for LSE Drive Capability for WB family is applicable
2026-04-13 21:39:37,912 [INFO] Rule:233 - rule Change Default Value for ADC Clock Prescaler G0 family is applicable
2026-04-13 21:39:37,912 [INFO] Rule:233 - rule ADC SamplingTime fix with FW L0  is applicable
2026-04-13 21:39:37,912 [INFO] Rule:233 - rule ADC SamplingTime fix with FW L0  is applicable
2026-04-13 21:39:37,912 [INFO] Rule:233 - rule ADC SamplingTime fix with FW L0 is applicable
2026-04-13 21:39:37,912 [INFO] Rule:233 - rule ADC SamplingTime fix with FW L0 is applicable
2026-04-13 21:39:37,912 [INFO] Rule:233 - rule ADC SamplingTime fix with FW L0  is applicable
2026-04-13 21:39:37,912 [INFO] Rule:233 - rule ADC SamplingTime fix with FW L0 is applicable
2026-04-13 21:39:37,914 [INFO] Rule:233 - rule Rename USB_OE Signal is applicable
2026-04-13 21:39:37,914 [INFO] Rule:233 - rule Rename Activate_OE Mode is applicable
2026-04-13 21:39:37,914 [INFO] Rule:233 - rule Rename DIE462/DIE415 pin PC14/OSC32_IN -> PC14-OSC32_IN (PC14) is applicable
2026-04-13 21:39:37,914 [INFO] Rule:233 - rule Rename DIE462/DIE415 pin PC15/OSC32_OUT -> PC15-OSC32_OUT (PC15) is applicable
2026-04-13 21:39:37,914 [INFO] Rule:233 - rule Rename DIE462/DIE415 pin PH0/OSC_IN -> PH0-OSC_IN (PH0) is applicable
2026-04-13 21:39:37,914 [INFO] Rule:233 - rule Rename DIE462/DIE415 pin PH1/OSC_OUT -> PH1-OSC_OUT (PH1) is applicable
2026-04-13 21:39:37,914 [INFO] Rule:233 - rule Rename DIE462 pin PA13 -> PA13 (JTMS/SWDIO) is applicable
2026-04-13 21:39:37,914 [INFO] Rule:233 - rule Rename DIE415 pin PA13 -> PA13 (JTMS/SWDIO) is applicable
2026-04-13 21:39:37,914 [INFO] Rule:233 - rule Rename DIE462 pin PA14 -> PA14 (JTCK/SWCLK) is applicable
2026-04-13 21:39:37,914 [INFO] Rule:233 - rule Rename DIE415 pin PA14 -> PA14 (JTCK/SWCLK) is applicable
2026-04-13 21:39:37,914 [INFO] Rule:233 - rule Rename DIE462/DIE415 pin PA15 -> PA15 (JTDI) is applicable
2026-04-13 21:39:37,914 [INFO] Rule:233 - rule Rename DIE462 pin PB3 -> PB3 (JTD0/TRACESWO) is applicable
2026-04-13 21:39:37,914 [INFO] Rule:233 - rule Rename DIE415 pin PB3 -> PB3 (JTD0-TRACESWO) is applicable
2026-04-13 21:39:37,914 [INFO] Rule:233 - rule Rename DIE462/DIE415 pin PB4 -> PB4 (NJTRST) is applicable
2026-04-13 21:39:37,914 [INFO] Rule:233 - rule Rename DIE462 pin PH3/BOOT0 -> PH3-BOOT0 (BOOT0) is applicable
2026-04-13 21:39:37,914 [INFO] Rule:233 - rule Rename CRYP DataEncryptionTypesList to Algorithm is applicable
2026-04-13 21:39:37,914 [INFO] Rule:233 - rule Rename AES DataEncryptionTypesList to Algorithm is applicable
2026-04-13 21:39:37,914 [INFO] Rule:233 - rule Rename TDESECB to CRYP_TDES_ECB is applicable
2026-04-13 21:39:37,914 [INFO] Rule:233 - rule Rename TDESCBC to CRYP_TDES_CBC is applicable
2026-04-13 21:39:37,914 [INFO] Rule:233 - rule Rename DESECB to CRYP_DES_ECB is applicable
2026-04-13 21:39:37,914 [INFO] Rule:233 - rule Rename DESCBC to CRYP_DES_CBC is applicable
2026-04-13 21:39:37,914 [INFO] Rule:233 - rule Rename AESECB to CRYP_AES_ECB is applicable
2026-04-13 21:39:37,914 [INFO] Rule:233 - rule Rename AESCBC to CRYP_AES_CBC is applicable
2026-04-13 21:39:37,914 [INFO] Rule:233 - rule Rename AESCTR to CRYP_AES_CTR is applicable
2026-04-13 21:39:37,914 [INFO] Rule:233 - rule Rename AESGCM to CRYP_AES_GCM is applicable
2026-04-13 21:39:37,915 [INFO] Rule:233 - rule Rename AESCCM to CRYP_AES_CCM is applicable
2026-04-13 21:39:37,915 [INFO] Rule:233 - rule Rename CAN TimeSeg1 to BS1 is applicable
2026-04-13 21:39:37,915 [INFO] Rule:233 - rule Rename CAN TimeSeg2 to BS2 is applicable
2026-04-13 21:39:37,915 [INFO] Rule:233 - rule Rename CAN SyncJumpWidth to SJW is applicable
2026-04-13 21:39:37,915 [INFO] Rule:233 - rule TimeTriggeredMode to TTCM is applicable
2026-04-13 21:39:37,915 [INFO] Rule:233 - rule Rename CAN AutoBusOff to ABOM is applicable
2026-04-13 21:39:37,915 [INFO] Rule:233 - rule Rename CAN AutoWakeUp to AWUM is applicable
2026-04-13 21:39:37,915 [INFO] Rule:233 - rule Rename CAN AutoRetransmission to NART is applicable
2026-04-13 21:39:37,915 [INFO] Rule:233 - rule Rename CAN ReceiveFifoLocked to RFLM is applicable
2026-04-13 21:39:37,915 [INFO] Rule:233 - rule Rename CAN TransmitFifoPriority to TXFP is applicable
2026-04-13 21:39:37,915 [INFO] Rule:233 - rule Rename HRTIMER HRTIM_OUTPUTFAULTLEVEL_HIGH in HRTIMER HRTIM_OUTPUTFAULTLEVEL_HIGHZ is applicable
2026-04-13 21:39:37,915 [INFO] Rule:233 - rule Rename TIMER TIM_CLEARINPUTSOURCE_OCREFCLR in  TIMER TIM_CLEARINPUTSOURCE_NONE for F7 family is applicable
2026-04-13 21:39:37,915 [INFO] Rule:233 - rule FDCAN_R1 - Rename FDCAN mode Master into Classic is applicable
2026-04-13 21:39:37,915 [INFO] Rule:233 - rule FDCAN_R2 - Rename FDCAN mode Slave into Classic is applicable
2026-04-13 21:39:37,915 [INFO] Rule:233 - rule FDCAN1_R3 - if PA10.Mode=FullDuplex, add Pin PA12 is applicable
2026-04-13 21:39:37,915 [INFO] Rule:233 - rule FDCAN1_R3 - if PA9.Mode=FullDuplex, add Pin PA11 is applicable
2026-04-13 21:39:37,915 [INFO] Rule:233 - rule FDCAN1_R3 - Alternatepin_1 - if PE1.Mode=FullDuplex, add Pin PB9 is applicable
2026-04-13 21:39:37,915 [INFO] Rule:233 - rule FDCAN1_R3 - Alternatepin_1 - if PE0.Mode=FullDuplex, add Pin PB8 is applicable
2026-04-13 21:39:37,915 [INFO] Rule:233 - rule FDCAN1_R3 - Alternatepin_2 - if PD5.Mode=FullDuplex, add Pin PD1 is applicable
2026-04-13 21:39:37,915 [INFO] Rule:233 - rule FDCAN1_R3 - Alternatepin_2 - if PD4.Mode=FullDuplex, add Pin PD0 is applicable
2026-04-13 21:39:37,915 [INFO] Rule:233 - rule FDCAN1_R4 - Rename Mode FullDuplex into Enable FDCAN_TXFD for pin PA10 is applicable
2026-04-13 21:39:37,915 [INFO] Rule:233 - rule FDCAN1_R4 - Rename Mode FullDuplex into Enable FDCAN_TXFD for pin PA9 is applicable
2026-04-13 21:39:37,915 [INFO] Rule:233 - rule FDCAN1_R4 - Alternatepin_1 - Rename Mode FullDuplex into Enable FDCAN_TXFD for pin PE1 is applicable
2026-04-13 21:39:37,915 [INFO] Rule:233 - rule FDCAN1_R4 - Alternatepin_1 - Rename Mode FullDuplex into Enable FDCAN_TXFD for pin PE0 is applicable
2026-04-13 21:39:37,915 [INFO] Rule:233 - rule FDCAN1_R4 - Alternatepin_2 - Rename Mode FullDuplex into Enable FDCAN_TXFD for pin PD5 is applicable
2026-04-13 21:39:37,915 [INFO] Rule:233 - rule FDCAN1_R4 - Alternatepin_2 - Rename Mode FullDuplex into Enable FDCAN_TXFD for pin PD4 is applicable
2026-04-13 21:39:37,916 [INFO] Rule:233 - rule FDCAN2_R3 - if PD10.Mode=FullDuplex, add Pin PB13 is applicable
2026-04-13 21:39:37,916 [INFO] Rule:233 - rule FDCAN2_R3 - if PD9.Mode=FullDuplex, add Pin PB12 is applicable
2026-04-13 21:39:37,916 [INFO] Rule:233 - rule FDCAN2_R3 - Alternatepin_1 - if PB7.Mode=FullDuplex, add Pin PB6 is applicable
2026-04-13 21:39:37,916 [INFO] Rule:233 - rule FDCAN2_R3 - Alternatepin_1 - if PD9.Mode=FullDuplex, add Pin PB12 is applicable
2026-04-13 21:39:37,916 [INFO] Rule:233 - rule FDCAN2_R4 - Rename Mode FullDuplex into Enable FDCAN_TXFD for pin PD10 is applicable
2026-04-13 21:39:37,916 [INFO] Rule:233 - rule FDCAN2_R4 - Rename Mode FullDuplex into Enable FDCAN_TXFD for pin PD9 is applicable
2026-04-13 21:39:37,916 [INFO] Rule:233 - rule FDCAN2_R4 - Alternatepin_1 - Rename Mode FullDuplex into Enable FDCAN_TXFD for pin PB7 is applicable
2026-04-13 21:39:37,916 [INFO] Rule:233 - rule FDCAN2_R4 - Alternatepin_1 - Rename Mode FullDuplex into Enable FDCAN_TXFD for pin PD6 is applicable
2026-04-13 21:39:37,916 [INFO] Rule:233 - rule USART TxPinLevelInvertParam Mode is applicable
2026-04-13 21:39:37,916 [INFO] Rule:233 - rule USART RxPinLevelInvertParam Mode is applicable
2026-04-13 21:39:37,916 [INFO] Rule:233 - rule USART DataInvertParam Mode is applicable
2026-04-13 21:39:37,916 [INFO] Rule:233 - rule USART SwapParam Mode is applicable
2026-04-13 21:39:37,916 [INFO] Rule:233 - rule USART OverrunDisableParam Mode is applicable
2026-04-13 21:39:37,916 [INFO] Rule:233 - rule USART DMADisableonRxErrorParam Mode is applicable
2026-04-13 21:39:37,916 [INFO] Rule:233 - rule USART MSBFirstParam Mode is applicable
2026-04-13 21:39:37,916 [INFO] Rule:233 - rule Update MwName for USB_DEVICE is applicable
2026-04-13 21:39:37,916 [INFO] Rule:233 - rule Change PWR_Regulator_Voltage_Scale Default Value for RCC  H7 family is applicable
2026-04-13 21:39:37,916 [INFO] Rule:233 - rule UART/USART IPParameter rename Prescaler parameter to ClockPrescaler is applicable
2026-04-13 21:39:37,916 [INFO] Rule:233 - rule UART/USART Prescaler rename Prescaler parameter to ClockPrescaler is applicable
2026-04-13 21:39:37,917 [INFO] Rule:233 - rule TIM1CLockSelection is applicable
2026-04-13 21:39:37,917 [INFO] Rule:233 - rule TIM15CLockSelection is applicable
2026-04-13 21:39:37,917 [INFO] Rule:233 - rule align RCC SDMMC3CLockSelection default value on MP1 is applicable
2026-04-13 21:39:37,917 [INFO] Rule:233 - rule align RCC SDMMC12CLockSelection default value on MP1 is applicable
2026-04-13 21:39:37,917 [INFO] Rule:233 - rule align RCC QSPICLockSelection default value on MP1 is applicable
2026-04-13 21:39:37,917 [INFO] Rule:233 - rule align RCC QSPICLockSelection default value on MP1 is applicable
2026-04-13 21:39:37,917 [INFO] Rule:233 - rule align RCC SPI6CLockSelection default value on MP1 is applicable
2026-04-13 21:39:37,917 [INFO] Rule:233 - rule align RCC LPTIM23CLockSelection default value on MP1 is applicable
2026-04-13 21:39:37,917 [INFO] Rule:233 - rule align RCC LPTIM1CLockSelection default value on MP1 is applicable
2026-04-13 21:39:37,917 [INFO] Rule:233 - rule align RCC USART1CLockSelection default value on MP1 is applicable
2026-04-13 21:39:37,917 [INFO] Rule:233 - rule align RCC USART24CLockSelection default value on MP1 is applicable
2026-04-13 21:39:37,917 [INFO] Rule:233 - rule align RCC USART6CLockSelection default value on MP1 is applicable
2026-04-13 21:39:37,917 [INFO] Rule:233 - rule align RCC UART78CLockSelection default value on MP1 is applicable
2026-04-13 21:39:37,917 [INFO] Rule:233 - rule align RCC USART35CLockSelection default value on MP1 is applicable
2026-04-13 21:39:37,917 [INFO] Rule:233 - rule align RCC SPI45CLockSelection default value on MP1 is applicable
2026-04-13 21:39:37,917 [INFO] Rule:233 - rule align RCC I2C46CLockSelection BCLK value on MP1 is applicable
2026-04-13 21:39:37,917 [INFO] Rule:233 - rule align RCC SPI45CLockSelection default value on MP1 is applicable
2026-04-13 21:39:37,917 [INFO] Rule:233 - rule align RCC I2C12CLockSelection default value on MP1 is applicable
2026-04-13 21:39:37,917 [INFO] Rule:233 - rule align RCC I2C35CLockSelection default value on MP1 is applicable
2026-04-13 21:39:37,917 [INFO] Rule:233 - rule align RCC LPTIM45CLockSelection default value on MP1 is applicable
2026-04-13 21:39:37,917 [INFO] Rule:233 - rule Rename DCMI PIXCK signal is applicable
2026-04-13 21:39:37,917 [INFO] Rule:233 - rule Change Default Value for I2C46CLockSelection MP1 family is applicable
2026-04-13 21:39:37,917 [INFO] Rule:233 - rule Change Default Value for UART for G4, G0 and WB families is applicable
2026-04-13 21:39:37,918 [INFO] Rule:233 - rule Change Default Value for USART for G4, G0 and WB families is applicable
2026-04-13 21:39:37,918 [INFO] Rule:233 - rule Change Default Value for USART for G4 family is applicable
2026-04-13 21:39:37,918 [INFO] Rule:233 - rule Change USART1CLockSelection refparam name for MP1 is applicable
2026-04-13 21:39:37,918 [INFO] Rule:233 - rule Change USART2CLockSelection refparam name for MP1 is applicable
2026-04-13 21:39:37,918 [INFO] Rule:233 - rule Change USART3CLockSelection refparam name for MP1 is applicable
2026-04-13 21:39:37,918 [INFO] Rule:233 - rule Change UART4CLockSelection refparam name for MP1 is applicable
2026-04-13 21:39:37,918 [INFO] Rule:233 - rule Change UART5CLockSelection refparam name for MP1 is applicable
2026-04-13 21:39:37,918 [INFO] Rule:233 - rule Change LPUART1CLockSelection refparam name for MP1 is applicable
2026-04-13 21:39:37,918 [INFO] Rule:233 - rule Change LPTIM1CLockSelection refparam name for MP1 is applicable
2026-04-13 21:39:37,918 [INFO] Rule:233 - rule Change LPTIM2CLockSelection refparam name for MP1 is applicable
2026-04-13 21:39:37,918 [INFO] Rule:233 - rule Change RCC_MCO1Source refparam name for MP1 is applicable
2026-04-13 21:39:37,918 [INFO] Rule:233 - rule Change LSCOSource1 refparam name for MP1 is applicable
2026-04-13 21:39:37,918 [INFO] Rule:233 - rule Change SMPSCLockSelection refparam name for MP1 is applicable
2026-04-13 21:39:37,918 [INFO] Rule:233 - rule Change LPTIM3CLockSelection refparam name for MP1 is applicable
2026-04-13 21:39:37,918 [INFO] Rule:233 - rule Change MPCBB* Default Template Mode to Parameters is applicable
2026-04-13 21:39:37,918 [INFO] Rule:233 - rule Change MPCWM* or MPCBB* Secure Mode to Parameters is applicable
2026-04-13 21:39:37,918 [INFO] Rule:233 - rule Change MPCWM* or MPCBB* No Secure Mode to Parameters is applicable
2026-04-13 21:39:37,918 [INFO] Rule:233 - rule Change TZSC IP Secure Mode to Parameters is applicable
2026-04-13 21:39:37,918 [INFO] Rule:233 - rule Change TZSC IP No Secure Mode to Parameters is applicable
2026-04-13 21:39:37,918 [INFO] Rule:233 - rule Change TZSC IP Privilege Mode to Parameters is applicable
2026-04-13 21:39:37,918 [INFO] Rule:233 - rule Change TZSC IP No Privilege Mode to Parameters is applicable
2026-04-13 21:39:37,918 [INFO] Rule:233 - rule Change TZIC IT Secure Mode to Parameters is applicable
2026-04-13 21:39:37,918 [INFO] Rule:233 - rule Change TZIC IT No Secure Mode to Parameters is applicable
2026-04-13 21:39:37,918 [INFO] Rule:233 - rule Add MPCBB1_NonSecureArea_Start_Address value with referenced to MPCBB1_NonSecureArea_Start value is applicable
2026-04-13 21:39:37,918 [INFO] Rule:233 - rule Add MPCBB2_NonSecureArea_Start_Address value with referenced to MPCBB2_NonSecureArea_Start value is applicable
2026-04-13 21:39:37,918 [INFO] Rule:233 - rule Add MPCWM1_NonSecureArea*_Start_Address value with referenced to MPCWM1_NonSecureArea*_Start value is applicable
2026-04-13 21:39:37,918 [INFO] Rule:233 - rule Add MPCWM2_NonSecureArea*_Start_Address value with referenced to MPCWM2_NonSecureArea*_Start value is applicable
2026-04-13 21:39:37,918 [INFO] Rule:233 - rule Add MPCWM3_NonSecureArea_Start_Address value with referenced to MPCWM3_NonSecureArea_Start value is applicable
2026-04-13 21:39:37,918 [INFO] Rule:233 - rule Change Default Value for PLL1UserDefinedConfig is applicable
2026-04-13 21:39:37,918 [INFO] Rule:233 - rule Change GPIO_PuPd Default Value for USART in async mode is applicable
2026-04-13 21:39:37,918 [INFO] Rule:233 - rule Change SMPSDivider Default Value is applicable
2026-04-13 21:39:37,919 [INFO] Rule:233 - rule OPAMP is applicable
2026-04-13 21:39:37,919 [INFO] Rule:233 - rule LPUART IPParameter rename Prescaler parameter to ClockPrescaler for STM32H7 is applicable
2026-04-13 21:39:37,919 [INFO] Rule:233 - rule LPUART IPParameter rename Prescaler parameter to ClockPrescaler for STM32H7 is applicable
2026-04-13 21:39:37,919 [INFO] Rule:233 - rule LPUART IPParameter rename Prescaler parameter to ClockPrescaler for STM32WB is applicable
2026-04-13 21:39:37,919 [INFO] Rule:233 - rule LPUART IPParameter rename Prescaler parameter to ClockPrescaler for STM32WB is applicable
2026-04-13 21:39:37,919 [INFO] Rule:233 - rule LPUART IPParameter rename Prescaler parameter to ClockPrescaler for STM32G4 is applicable
2026-04-13 21:39:37,919 [INFO] Rule:233 - rule LPUART IPParameter rename Prescaler parameter to ClockPrescaler for STM32G4 is applicable
2026-04-13 21:39:37,919 [INFO] Rule:233 - rule LPUART IPParameter rename Prescaler parameter to ClockPrescaler for STM32L5 is applicable
2026-04-13 21:39:37,919 [INFO] Rule:233 - rule LPUART IPParameter rename Prescaler parameter to ClockPrescaler for STM32L5 is applicable
2026-04-13 21:39:37,919 [INFO] Rule:233 - rule LPUART IPParameter rename Prescaler parameter to ClockPrescaler for STM32G4 is applicable
2026-04-13 21:39:37,919 [INFO] Rule:233 - rule LPUART IPParameter rename Prescaler parameter to ClockPrescaler for STM32G4 is applicable
2026-04-13 21:39:37,919 [INFO] Rule:233 - rule USB device lib V2.5.3 for L0 rename USBD_SUPPORT_USER_STRING parameter to USBD_SUPPORT_USER_STRING_DESC4 is applicable
2026-04-13 21:39:37,919 [INFO] Rule:233 - rule I2SCLockSelection clock entry align is applicable
2026-04-13 21:39:37,919 [INFO] Rule:233 - rule Assign TIMx context if used as SYS timebase is applicable
2026-04-13 21:39:37,919 [INFO] Rule:233 - rule Change GPIO_Pu Default Value for I2C is applicable
2026-04-13 21:39:37,919 [INFO] Rule:233 - rule Change GPIO_Pu Default Value for SMBus is applicable
2026-04-13 21:39:37,919 [INFO] Rule:233 - rule change FDCAN default value is applicable
2026-04-13 21:39:37,919 [INFO] Rule:233 - rule Change mode sai is applicable
2026-04-13 21:39:37,919 [INFO] Rule:233 - rule **Change sai mode is applicable
2026-04-13 21:39:37,919 [INFO] Rule:233 - rule Rename STM32WPAN CFG_BLE_IRK to CFG_BLE_IR is applicable
2026-04-13 21:39:37,919 [INFO] Rule:233 - rule Rename STM32WPAN CFG_BLE_ERK to CFG_BLE_ER is applicable
2026-04-13 21:39:37,919 [INFO] Rule:233 - rule Rename STM32WPAN CFG_BLE_IRK_HEX to CFG_BLE_IR_HEX is applicable
2026-04-13 21:39:37,919 [INFO] Rule:233 - rule Rename STM32WPAN CFG_BLE_ERK_HEX to CFG_BLE_ER_HEX is applicable
2026-04-13 21:39:37,919 [INFO] Rule:233 - rule Adapt Old IOC before rework replace old CORTEX_M33/CORTEX_M55 attributes by the new one. is applicable
2026-04-13 21:39:37,919 [INFO] Rule:233 - rule Rename parametre of RCC RCC_APBDBG_DIV2 to RCC_TIMPRES_DIV2 is applicable
2026-04-13 21:39:37,919 [INFO] Rule:233 - rule Rename DIE493 pin PA10 [PA12] -> PA10 is applicable
2026-04-13 21:39:37,919 [INFO] Rule:233 - rule Rename DIE493 pin PA9 [PA11] -> PA9 is applicable
2026-04-13 21:39:37,919 [INFO] Rule:233 - rule Rename DIE492 PartNumber CPN STM32WBA5MJGHx -> STM32WBA5MMGHx is applicable
2026-04-13 21:39:37,919 [INFO] Rule:233 - rule Rename DIE492 PartNumber  Name STM32WBA5MJGHx -> STM32WBA5MMGHx is applicable
2026-04-13 21:39:37,919 [INFO] Rule:233 - rule Rename DIE492 PartNumber UserName STM32WBA5MJGHx -> STM32WBA5MMGHx is applicable
2026-04-13 21:39:37,919 [INFO] Rule:233 - rule Rename DIE492 PartNumber DeviceId STM32WBA5MJGHx -> STM32WBA5MMGHx is applicable
2026-04-13 21:39:37,919 [INFO] Rule:233 - rule Adapt Old IOC CSI. is applicable
2026-04-13 21:39:37,920 [INFO] Rule:233 - rule Adapt Old IOC DCMIPP. is applicable
2026-04-13 21:39:37,920 [INFO] Rule:233 - rule Adapt Old IOC DCMIPP Mode Parallel. is applicable
2026-04-13 21:39:37,920 [INFO] Rule:233 - rule Adapt Old IOC LTDC. is applicable
2026-04-13 21:39:37,920 [INFO] Rule:233 - rule Rename STM32MP2 RIF Peripheral LTDC RIF.RISUP.LTDC_L0L1.Privilege -> RIF.RISUP.LTDC_L1L2.Privilege is applicable
2026-04-13 21:39:37,920 [INFO] Rule:233 - rule Rename STM32MP2 RIF Peripheral LTDC RIF.RISUP.LTDC_L0L1.Privilege -> RIF.RISUP.LTDC_L1L2.Privilege is applicable
2026-04-13 21:39:37,920 [INFO] Rule:233 - rule Rename STM32MP2 RIF Peripheral LTDC RIF.RISUP.LTDC_L0L1.Lock -> RIF.RISUP.LTDC_L1L2.Lock is applicable
2026-04-13 21:39:37,920 [INFO] Rule:233 - rule Rename STM32MP2 RIF Peripheral LTDC RIF.RISUP.LTDC_L2.Lock -> RIF.RISUP.LTDC_L3.Lock is applicable
2026-04-13 21:39:37,920 [INFO] Rule:233 - rule Adapt the old IOC example for updating the SYS when it is misconfigured. is applicable
2026-04-13 21:39:37,920 [INFO] Rule:233 - rule Rename STM32C09 Mcu.Package LQFP64 -> LQFP48 is applicable
2026-04-13 21:39:37,920 [INFO] Rule:233 - rule Adapt the old IOC example for updating the SYS when it is misconfigured. is applicable
2026-04-13 21:39:37,920 [INFO] Rule:233 - rule Adapt the old IOC example for updating the SYS when it is misconfigured. is applicable
2026-04-13 21:39:37,951 [INFO] DbConfProperties:307 - Apply Compatibility (37/250 Rules)
2026-04-13 21:39:37,979 [INFO] ImportTextPane:234 - (OptionalMessage_ERROR) Unable to find key (Mcu.ThirdPartyNb) in loaded IOC file
2026-04-13 21:39:37,984 [INFO] ImportTextPane:234 - (OptionalMessage_ERROR) Pin39 (VP_RIF_VS_RIF1) cannot be retrieved for this MCU
2026-04-13 21:39:38,085 [INFO] RtosManager:558 - Registered RTOS mode: class=CMSIS, group=RTOS, mode=CMSIS_V1, owner=FREERTOS
2026-04-13 21:39:38,085 [INFO] RtosManager:558 - Registered RTOS mode: class=CMSIS, group=RTOS2, mode=CMSIS_V2, owner=FREERTOS
2026-04-13 21:39:38,085 [INFO] RtosManager:558 - Registered RTOS mode: class=RTOS, group=Core, mode=CMSIS_V1, owner=FREERTOS
2026-04-13 21:39:38,085 [INFO] RtosManager:558 - Registered RTOS mode: class=RTOS, group=Core, mode=CMSIS_V2, owner=FREERTOS
2026-04-13 21:39:38,085 [WARN] ModelIntegratedComponent:184 - Missing modes for component STMicroelectronics:FreeRTOS:0.0.1:STMicroelectronics:RTOS:FreeRTOS:Core:::10.2.0:
2026-04-13 21:39:38,102 [WARN] ModelIntegratedComponent:63 - No mode defined for component null
2026-04-13 21:39:38,102 [WARN] ModelIntegratedComponent:63 - No mode defined for component null
2026-04-13 21:39:38,102 [WARN] ModelIntegratedComponent:63 - No mode defined for component null
2026-04-13 21:39:38,102 [WARN] ModelIntegratedComponent:63 - No mode defined for component null
2026-04-13 21:39:38,102 [WARN] ModelIntegratedComponent:63 - No mode defined for component null
2026-04-13 21:39:38,102 [WARN] ModelIntegratedComponent:63 - No mode defined for component null
2026-04-13 21:39:38,102 [WARN] ModelIntegratedComponent:63 - No mode defined for component null
2026-04-13 21:39:38,102 [WARN] ModelIntegratedComponent:63 - No mode defined for component null
2026-04-13 21:39:38,102 [WARN] ModelIntegratedComponent:63 - No mode defined for component null
2026-04-13 21:39:38,102 [WARN] ModelIntegratedComponent:63 - No mode defined for component null
2026-04-13 21:39:38,102 [WARN] ModelIntegratedComponent:63 - No mode defined for component null
2026-04-13 21:39:38,102 [WARN] ModelIntegratedComponent:63 - No mode defined for component null
2026-04-13 21:39:38,102 [WARN] ModelIntegratedComponent:63 - No mode defined for component null
2026-04-13 21:39:38,102 [WARN] ModelIntegratedComponent:63 - No mode defined for component null
2026-04-13 21:39:38,102 [WARN] ModelIntegratedComponent:63 - No mode defined for component null
2026-04-13 21:39:38,102 [WARN] ModelIntegratedComponent:63 - No mode defined for component null
2026-04-13 21:39:38,102 [WARN] ModelIntegratedComponent:63 - No mode defined for component null
2026-04-13 21:39:38,102 [WARN] ModelIntegratedComponent:63 - No mode defined for component null
2026-04-13 21:39:38,102 [WARN] ModelIntegratedComponent:63 - No mode defined for component null
2026-04-13 21:39:38,102 [WARN] ModelIntegratedComponent:63 - No mode defined for component null
2026-04-13 21:39:38,102 [WARN] ModelIntegratedComponent:63 - No mode defined for component null
2026-04-13 21:39:38,102 [WARN] ModelIntegratedComponent:63 - No mode defined for component null
2026-04-13 21:39:38,102 [WARN] ModelIntegratedComponent:63 - No mode defined for component null
2026-04-13 21:39:38,102 [WARN] ModelIntegratedComponent:63 - No mode defined for component null
2026-04-13 21:39:38,102 [WARN] ModelIntegratedComponent:63 - No mode defined for component null
2026-04-13 21:39:38,103 [WARN] ModelIntegratedComponent:63 - No mode defined for component null
2026-04-13 21:39:38,103 [WARN] ModelIntegratedComponent:63 - No mode defined for component null
2026-04-13 21:39:38,103 [WARN] ModelIntegratedComponent:63 - No mode defined for component null
2026-04-13 21:39:38,103 [WARN] ModelIntegratedComponent:63 - No mode defined for component null
2026-04-13 21:39:38,103 [WARN] ModelIntegratedComponent:63 - No mode defined for component null
2026-04-13 21:39:38,103 [WARN] ModelIntegratedComponent:63 - No mode defined for component null
2026-04-13 21:39:38,103 [WARN] ModelIntegratedComponent:63 - No mode defined for component null
2026-04-13 21:39:38,103 [WARN] ModelIntegratedComponent:63 - No mode defined for component null
2026-04-13 21:39:38,103 [WARN] ModelIntegratedComponent:63 - No mode defined for component null
2026-04-13 21:39:38,103 [WARN] ModelIntegratedComponent:63 - No mode defined for component null
2026-04-13 21:39:38,103 [WARN] ModelPack:524 - Component already loaded: STMicroelectronics:HAL Drivers:0.0.0:STMicroelectronics:Device:STMicro_Driver:XSPI:HAL::0.0.1:HAL_XSPI
2026-04-13 21:39:38,237 [WARN] ModelIntegratedComponent:182 - Modes not found for component STMicroelectronics:USB_DEVICE:1.0.0:STMicroelectronics:USB::USB Device:Audio HS::1.0:USB_DEVICE_1_0_RESTRICTED_HS
2026-04-13 21:39:38,237 [WARN] ModelIntegratedComponent:188 - Modes not found for component STMicroelectronics:USB_DEVICE:1.0.0:STMicroelectronics:USB::USB Device:Audio HS::1.0:USB_DEVICE_1_0_RESTRICTED_HS
2026-04-13 21:39:38,238 [WARN] ModelIntegratedComponent:182 - Modes not found for component STMicroelectronics:USB_DEVICE:1.0.0:STMicroelectronics:USB::USB Device:CDC HS::1.0:USB_DEVICE_1_0_RESTRICTED_HS
2026-04-13 21:39:38,238 [WARN] ModelIntegratedComponent:188 - Modes not found for component STMicroelectronics:USB_DEVICE:1.0.0:STMicroelectronics:USB::USB Device:CDC HS::1.0:USB_DEVICE_1_0_RESTRICTED_HS
2026-04-13 21:39:38,238 [WARN] ModelIntegratedComponent:182 - Modes not found for component STMicroelectronics:USB_DEVICE:1.0.0:STMicroelectronics:USB::USB Device:DFU HS::1.0:USB_DEVICE_1_0_RESTRICTED_HS
2026-04-13 21:39:38,238 [WARN] ModelIntegratedComponent:188 - Modes not found for component STMicroelectronics:USB_DEVICE:1.0.0:STMicroelectronics:USB::USB Device:DFU HS::1.0:USB_DEVICE_1_0_RESTRICTED_HS
2026-04-13 21:39:38,238 [WARN] ModelIntegratedComponent:182 - Modes not found for component STMicroelectronics:USB_DEVICE:1.0.0:STMicroelectronics:USB::USB Device:HID HS::1.0:USB_DEVICE_1_0_RESTRICTED_HS
2026-04-13 21:39:38,238 [WARN] ModelIntegratedComponent:188 - Modes not found for component STMicroelectronics:USB_DEVICE:1.0.0:STMicroelectronics:USB::USB Device:HID HS::1.0:USB_DEVICE_1_0_RESTRICTED_HS
2026-04-13 21:39:38,238 [WARN] ModelIntegratedComponent:182 - Modes not found for component STMicroelectronics:USB_DEVICE:1.0.0:STMicroelectronics:USB::USB Device:Custom HID HS::1.0:USB_DEVICE_1_0_RESTRICTED_HS
2026-04-13 21:39:38,238 [WARN] ModelIntegratedComponent:188 - Modes not found for component STMicroelectronics:USB_DEVICE:1.0.0:STMicroelectronics:USB::USB Device:Custom HID HS::1.0:USB_DEVICE_1_0_RESTRICTED_HS
2026-04-13 21:39:38,238 [WARN] ModelIntegratedComponent:182 - Modes not found for component STMicroelectronics:USB_DEVICE:1.0.0:STMicroelectronics:USB::USB Device:MSC HS::1.0:USB_DEVICE_1_0_RESTRICTED_HS
2026-04-13 21:39:38,238 [WARN] ModelIntegratedComponent:188 - Modes not found for component STMicroelectronics:USB_DEVICE:1.0.0:STMicroelectronics:USB::USB Device:MSC HS::1.0:USB_DEVICE_1_0_RESTRICTED_HS
2026-04-13 21:39:38,339 [WARN] ModelIntegratedComponent:182 - Modes not found for component STMicroelectronics:USB_HOST:1.0.0:STMicroelectronics:USB::USB Host:Audio HS::1.0:USB_HOST_1_0_RESTRICTED_HS
2026-04-13 21:39:38,340 [WARN] ModelIntegratedComponent:188 - Modes not found for component STMicroelectronics:USB_HOST:1.0.0:STMicroelectronics:USB::USB Host:Audio HS::1.0:USB_HOST_1_0_RESTRICTED_HS
2026-04-13 21:39:38,340 [WARN] ModelIntegratedComponent:182 - Modes not found for component STMicroelectronics:USB_HOST:1.0.0:STMicroelectronics:USB::USB Host:CDC HS::1.0:USB_HOST_1_0_RESTRICTED_HS
2026-04-13 21:39:38,340 [WARN] ModelIntegratedComponent:188 - Modes not found for component STMicroelectronics:USB_HOST:1.0.0:STMicroelectronics:USB::USB Host:CDC HS::1.0:USB_HOST_1_0_RESTRICTED_HS
2026-04-13 21:39:38,340 [WARN] ModelIntegratedComponent:182 - Modes not found for component STMicroelectronics:USB_HOST:1.0.0:STMicroelectronics:USB::USB Host:MSC HS::1.0:USB_HOST_1_0_RESTRICTED_HS
2026-04-13 21:39:38,340 [WARN] ModelIntegratedComponent:188 - Modes not found for component STMicroelectronics:USB_HOST:1.0.0:STMicroelectronics:USB::USB Host:MSC HS::1.0:USB_HOST_1_0_RESTRICTED_HS
2026-04-13 21:39:38,340 [WARN] ModelIntegratedComponent:182 - Modes not found for component STMicroelectronics:USB_HOST:1.0.0:STMicroelectronics:USB::USB Host:HID HS::1.0:USB_HOST_1_0_RESTRICTED_HS
2026-04-13 21:39:38,340 [WARN] ModelIntegratedComponent:188 - Modes not found for component STMicroelectronics:USB_HOST:1.0.0:STMicroelectronics:USB::USB Host:HID HS::1.0:USB_HOST_1_0_RESTRICTED_HS
2026-04-13 21:39:38,340 [WARN] ModelIntegratedComponent:182 - Modes not found for component STMicroelectronics:USB_HOST:1.0.0:STMicroelectronics:USB::USB Host:MTP HS::1.0:USB_HOST_1_0_RESTRICTED_HS
2026-04-13 21:39:38,340 [WARN] ModelIntegratedComponent:188 - Modes not found for component STMicroelectronics:USB_HOST:1.0.0:STMicroelectronics:USB::USB Host:MTP HS::1.0:USB_HOST_1_0_RESTRICTED_HS
2026-04-13 21:39:38,504 [INFO] ThirdPartyModel:298 - Start build external matchings
2026-04-13 21:39:39,829 [INFO] ThirdPartyModel:316 - End build external matchings
2026-04-13 21:39:39,862 [INFO] ImportTextPane:234 - (OptionalMessage_ERROR) IP (RCC) : Parameter (RTCHSEDivFreq_Value) has invalid value (4000000)
2026-04-13 21:39:40,142 [INFO] UtilMem:75 - End LoadConfig() Used Memory: 773384360 Bytes (1073741824)
2026-04-13 21:39:40,293 [WARN] ThirdParty:833 - waiting for thirdparty lock release [change project]
2026-04-13 21:39:40,293 [INFO] ThirdParty:835 - entering critical section [change project]
2026-04-13 21:39:40,293 [INFO] ThirdParty:1030 - CMSIS Pack Vendor :STMicroelectronics X-CUBE-AZRTOS-H7 3.5.0
2026-04-13 21:39:40,293 [INFO] ThirdParty:1030 - CMSIS Pack Vendor :STMicroelectronics X-CUBE-PM33A1 1.0.0
2026-04-13 21:39:40,293 [INFO] ThirdParty:1030 - CMSIS Pack Vendor :STMicroelectronics USBPD 4.1
2026-04-13 21:39:40,293 [INFO] ThirdParty:1030 - CMSIS Pack Vendor :STMicroelectronics USB_HOST 2.0.0
2026-04-13 21:39:40,293 [INFO] ThirdParty:1030 - CMSIS Pack Vendor :STMicroelectronics FP-SNS-MOTENVWB1 1.4.0
2026-04-13 21:39:40,293 [INFO] ThirdParty:1030 - CMSIS Pack Vendor :STMicroelectronics X-CUBE-AZRTOS-F4 1.1.0
2026-04-13 21:39:40,293 [INFO] ThirdParty:1030 - CMSIS Pack Vendor :STMicroelectronics LIBJPEG 8.0.0
2026-04-13 21:39:40,293 [INFO] ThirdParty:1030 - CMSIS Pack Vendor :STMicroelectronics FP-ATR-ASTRA1 2.0.2
2026-04-13 21:39:40,293 [INFO] ThirdParty:1030 - CMSIS Pack Vendor :STMicroelectronics FP-ATR-ASTRA1 2.0.1
2026-04-13 21:39:40,293 [INFO] ThirdParty:1030 - CMSIS Pack Vendor :Avnet-IotConnect X-CUBE-IoTC-DA16k-PMOD 1.0.0
2026-04-13 21:39:40,293 [INFO] ThirdParty:1030 - CMSIS Pack Vendor :STMicroelectronics X-CUBE-SMBUS 2.1.0
2026-04-13 21:39:40,293 [INFO] ThirdParty:1030 - CMSIS Pack Vendor :STMicroelectronics X-CUBE-WB05N 1.1.0
2026-04-13 21:39:40,293 [INFO] ThirdParty:1030 - CMSIS Pack Vendor :STMicroelectronics X-CUBE-ISPU 2.1.0
2026-04-13 21:39:40,293 [INFO] ThirdParty:1030 - CMSIS Pack Vendor :STMicroelectronics X-CUBE-IPS 3.2.0
2026-04-13 21:39:40,293 [INFO] ThirdParty:1030 - CMSIS Pack Vendor :STMicroelectronics eDS-WB_DPC_TT-BIDIR 2.1.1
2026-04-13 21:39:40,293 [INFO] ThirdParty:1030 - CMSIS Pack Vendor :STMicroelectronics X-CUBE-ST60 1.0.0
2026-04-13 21:39:40,293 [INFO] ThirdParty:1030 - CMSIS Pack Vendor :STMicroelectronics X-CUBE-NFC12 1.0.0
2026-04-13 21:39:40,293 [INFO] ThirdParty:1030 - CMSIS Pack Vendor :STMicroelectronics X-CUBE-AZRTOS-F7 1.1.0
2026-04-13 21:39:40,293 [INFO] ThirdParty:1030 - CMSIS Pack Vendor :STMicroelectronics X-CUBE-AZRTOS-L5 2.0.0
2026-04-13 21:39:40,293 [INFO] ThirdParty:1030 - CMSIS Pack Vendor :STMicroelectronics USB_DEVICE 2.0.0
2026-04-13 21:39:40,293 [INFO] ThirdParty:1030 - CMSIS Pack Vendor :STMicroelectronics X-CUBE-NFC6 3.1.0
2026-04-13 21:39:40,293 [INFO] ThirdParty:1030 - CMSIS Pack Vendor :Cesanta I-CUBE-Mongoose 7.19.0
2026-04-13 21:39:40,293 [INFO] ThirdParty:1030 - CMSIS Pack Vendor :STMicroelectronics FP-SNS-MOTENV1 5.1.0
2026-04-13 21:39:40,293 [INFO] ThirdParty:1030 - CMSIS Pack Vendor :STMicroelectronics FreeRTOS 0.0.1
2026-04-13 21:39:40,293 [INFO] ThirdParty:1030 - CMSIS Pack Vendor :STMicroelectronics X-CUBE-DPower 1.2.0
2026-04-13 21:39:40,293 [INFO] ThirdParty:1030 - CMSIS Pack Vendor :STMicroelectronics eDS-WB_DPC_VIENNA 1.2.0
2026-04-13 21:39:40,293 [INFO] ThirdParty:1030 - CMSIS Pack Vendor :WES I-CUBE-Cesium 1.4.0
2026-04-13 21:39:40,293 [INFO] ThirdParty:1030 - CMSIS Pack Vendor :STMicroelectronics FP-SNS-FLIGHT1 5.0.2
2026-04-13 21:39:40,293 [INFO] ThirdParty:1030 - CMSIS Pack Vendor :STMicroelectronics eDS-WB_DPC_3PH2L-BIDIR 1.1.1
2026-04-13 21:39:40,293 [INFO] ThirdParty:1030 - CMSIS Pack Vendor :Infineon AIROC-Wi-Fi-Bluetooth-STM32 1.7.0
2026-04-13 21:39:40,293 [INFO] ThirdParty:1030 - CMSIS Pack Vendor :Infineon AIROC-Wi-Fi-Bluetooth-STM32 1.7.1
2026-04-13 21:39:40,293 [INFO] ThirdParty:1030 - CMSIS Pack Vendor :STMicroelectronics PDM2PCM 3.3.0
2026-04-13 21:39:40,293 [INFO] ThirdParty:1030 - CMSIS Pack Vendor :STMicroelectronics X-CUBE-AZRTOS-H7 3.4.0
2026-04-13 21:39:40,293 [INFO] ThirdParty:1030 - CMSIS Pack Vendor :STMicroelectronics X-CUBE-DISPLAY 3.0.0
2026-04-13 21:39:40,293 [INFO] ThirdParty:1030 - CMSIS Pack Vendor :STMicroelectronics FP-SNS-MOTENVWB1 1.5.0
2026-04-13 21:39:40,293 [INFO] ThirdParty:1030 - CMSIS Pack Vendor :STMicroelectronics X-CUBE-BLE1 7.0.0
2026-04-13 21:39:40,293 [INFO] ThirdParty:1030 - CMSIS Pack Vendor :STMicroelectronics X-CUBE-NFC10 1.0.0
2026-04-13 21:39:40,293 [INFO] ThirdParty:1030 - CMSIS Pack Vendor :STMicroelectronics X-CUBE-BLEMGR 4.0.0
2026-04-13 21:39:40,293 [INFO] ThirdParty:1030 - CMSIS Pack Vendor :STMicroelectronics X-CUBE-FREERTOS 1.3.1
2026-04-13 21:39:40,293 [INFO] ThirdParty:1030 - CMSIS Pack Vendor :STMicroelectronics HAL Drivers 0.0.0
2026-04-13 21:39:40,293 [INFO] ThirdParty:1030 - CMSIS Pack Vendor :STMicroelectronics X-CUBE-ST60 1.1.0
2026-04-13 21:39:40,293 [INFO] ThirdParty:1030 - CMSIS Pack Vendor :emotas I-CUBE-CANOPEN 1.3.0
2026-04-13 21:39:40,293 [INFO] ThirdParty:1030 - CMSIS Pack Vendor :STMicroelectronics X-CUBE-FREERTOS 1.3.0
2026-04-13 21:39:40,293 [INFO] ThirdParty:1030 - CMSIS Pack Vendor :STMicroelectronics X-CUBE-NFC7 1.0.1
2026-04-13 21:39:40,293 [INFO] ThirdParty:1030 - CMSIS Pack Vendor :STMicroelectronics MBEDTLS 2.14.1
2026-04-13 21:39:40,293 [INFO] ThirdParty:1030 - CMSIS Pack Vendor :STMicroelectronics X-CUBE-GNSS1 7.1.0
2026-04-13 21:39:40,293 [INFO] ThirdParty:1030 - CMSIS Pack Vendor :STMicroelectronics X-CUBE-TOUCHGFX 4.26.0
2026-04-13 21:39:40,293 [INFO] ThirdParty:1030 - CMSIS Pack Vendor :STMicroelectronics X-CUBE-TOUCHGFX 4.26.1
2026-04-13 21:39:40,293 [INFO] ThirdParty:1030 - CMSIS Pack Vendor :STMicroelectronics FP-SNS-STBOX1 2.1.0
2026-04-13 21:39:40,293 [INFO] ThirdParty:1030 - CMSIS Pack Vendor :STMicroelectronics FP-SNS-STAIOTCFT 1.0.0
2026-04-13 21:39:40,293 [INFO] ThirdParty:1030 - CMSIS Pack Vendor :STMicroelectronics FP-SNS-SMARTAG2 1.2.0
2026-04-13 21:39:40,293 [INFO] ThirdParty:1030 - CMSIS Pack Vendor :STMicroelectronics FP-SNS-FLIGHT1 5.1.0
2026-04-13 21:39:40,293 [INFO] ThirdParty:1030 - CMSIS Pack Vendor :STMicroelectronics X-CUBE-MEMS1 11.1.0
2026-04-13 21:39:40,293 [INFO] ThirdParty:1030 - CMSIS Pack Vendor :STMicroelectronics X-CUBE-AZRTOS-WL 2.0.0
2026-04-13 21:39:40,293 [INFO] ThirdParty:1030 - CMSIS Pack Vendor :STMicroelectronics X-CUBE-DPower 1.3.0
2026-04-13 21:39:40,293 [INFO] ThirdParty:1030 - CMSIS Pack Vendor :STMicroelectronics FP-SNS-MOTENV1 5.0.0
2026-04-13 21:39:40,293 [INFO] ThirdParty:1030 - CMSIS Pack Vendor :STMicroelectronics USB_DEVICE 1.0.0
2026-04-13 21:39:40,293 [INFO] ThirdParty:1030 - CMSIS Pack Vendor :STMicroelectronics X-CUBE-AZRTOS-H7RS 1.2.0
2026-04-13 21:39:40,293 [INFO] ThirdParty:1030 - CMSIS Pack Vendor :wolfSSL I-CUBE-wolfMQTT 1.19.0
2026-04-13 21:39:40,293 [INFO] ThirdParty:1030 - CMSIS Pack Vendor :STMicroelectronics X-CUBE-AZRTOS-L4 2.0.0
2026-04-13 21:39:40,295 [INFO] ThirdParty:1030 - CMSIS Pack Vendor :STMicroelectronics ThreadX 0.0.2
2026-04-13 21:39:40,295 [INFO] ThirdParty:1030 - CMSIS Pack Vendor :WES I-CUBE-Cesium 1.3.0
2026-04-13 21:39:40,295 [INFO] ThirdParty:1030 - CMSIS Pack Vendor :STMicroelectronics lwIP 2.1.2
2026-04-13 21:39:40,295 [INFO] ThirdParty:1030 - CMSIS Pack Vendor :STMicroelectronics X-CUBE-SFXS2LP1 4.0.0
2026-04-13 21:39:40,295 [INFO] ThirdParty:1030 - CMSIS Pack Vendor :STMicroelectronics X-CUBE-BLE2 3.3.0
2026-04-13 21:39:40,295 [INFO] ThirdParty:1030 - CMSIS Pack Vendor :Avnet-IOTCONNECT X-CUBE-iotc-st67-sdk 1.0.0
2026-04-13 21:39:40,295 [INFO] ThirdParty:1030 - CMSIS Pack Vendor :STMicroelectronics PDM2PCM 3.2.0
2026-04-13 21:39:40,295 [INFO] ThirdParty:1030 - CMSIS Pack Vendor :STMicroelectronics X-CUBE-WB05N 2.1.0
2026-04-13 21:39:40,295 [INFO] ThirdParty:1030 - CMSIS Pack Vendor :STMicroelectronics X-CUBE-ST67W61 1.2.0
2026-04-13 21:39:40,295 [INFO] ThirdParty:1030 - CMSIS Pack Vendor :STMicroelectronics X-CUBE-AZRTOS-H7 3.3.0
2026-04-13 21:39:40,295 [INFO] ThirdParty:1030 - CMSIS Pack Vendor :STMicroelectronics X-CUBE-NFC9 1.0.0
2026-04-13 21:39:40,295 [INFO] ThirdParty:1030 - CMSIS Pack Vendor :wolfSSL I-CUBE-wolfSSL 5.8.2
2026-04-13 21:39:40,295 [INFO] ThirdParty:1030 - CMSIS Pack Vendor :STMicroelectronics X-CUBE-BLE1 7.1.0
2026-04-13 21:39:40,295 [INFO] ThirdParty:1030 - CMSIS Pack Vendor :wolfSSL I-CUBE-wolfMQTT 1.19.2
2026-04-13 21:39:40,295 [INFO] ThirdParty:1030 - CMSIS Pack Vendor :STMicroelectronics USB_DEVICE 3.0.0
2026-04-13 21:39:40,295 [INFO] ThirdParty:1030 - CMSIS Pack Vendor :STMicroelectronics X-CUBE-FREERTOS 1.4.0
2026-04-13 21:39:40,295 [INFO] ThirdParty:1030 - CMSIS Pack Vendor :STMicroelectronics X-CUBE-EEPRMA1 5.2.0
2026-04-13 21:39:40,295 [INFO] ThirdParty:1030 - CMSIS Pack Vendor :STMicroelectronics X-CUBE-BLEMGR 4.1.0
2026-04-13 21:39:40,295 [INFO] ThirdParty:1030 - CMSIS Pack Vendor :STMicroelectronics X-CUBE-IPS 3.0.0
2026-04-13 21:39:40,295 [INFO] ThirdParty:1030 - CMSIS Pack Vendor :STMicroelectronics X-CUBE-AZRTOS-WB 2.0.0
2026-04-13 21:39:40,295 [INFO] ThirdParty:1030 - CMSIS Pack Vendor :STMicroelectronics X-CUBE-GNSS1 7.0.1
2026-04-13 21:39:40,295 [INFO] ThirdParty:1030 - CMSIS Pack Vendor :STMicroelectronics X-CUBE-TOUCHGFX 4.25.0
2026-04-13 21:39:40,295 [INFO] ThirdParty:1030 - CMSIS Pack Vendor :STMicroelectronics X-CUBE-ST67W61 1.1.0
2026-04-13 21:39:40,295 [INFO] ThirdParty:1030 - CMSIS Pack Vendor :STMicroelectronics FP-SNS-STBOX1 2.0.0
2026-04-13 21:39:40,295 [INFO] ThirdParty:1030 - CMSIS Pack Vendor :quantropi X-CUBE-qispace-sdk-base 2.1.0
2026-04-13 21:39:40,295 [INFO] ThirdParty:1030 - CMSIS Pack Vendor :STMicroelectronics X-CUBE-MEMS1 12.0.0
2026-04-13 21:39:40,295 [INFO] ThirdParty:1030 - CMSIS Pack Vendor :STMicroelectronics X-CUBE-STSE01 2.0.0
2026-04-13 21:39:40,295 [INFO] ThirdParty:1030 - CMSIS Pack Vendor :STMicroelectronics X-CUBE-AZRTOS-G0 1.1.0
2026-04-13 21:39:40,295 [INFO] ThirdParty:1030 - CMSIS Pack Vendor :STMicroelectronics X-CUBE-SAFEA1 1.2.2
2026-04-13 21:39:40,295 [INFO] ThirdParty:1030 - CMSIS Pack Vendor :STMicroelectronics X-CUBE-NFC4 3.0.0
2026-04-13 21:39:40,295 [INFO] ThirdParty:1030 - CMSIS Pack Vendor :STMicroelectronics X-CUBE-SUBG2 5.0.0
2026-04-13 21:39:40,295 [INFO] ThirdParty:1030 - CMSIS Pack Vendor :STMicroelectronics X-CUBE-AZRTOS-H7RS 1.1.0
2026-04-13 21:39:40,295 [INFO] ThirdParty:1030 - CMSIS Pack Vendor :STMicroelectronics STM32_WPAN 1.0.0
2026-04-13 21:39:40,295 [INFO] ThirdParty:1030 - CMSIS Pack Vendor :EmbeddedOffice I-CUBE-FS-RTOS 1.0.1
2026-04-13 21:39:40,295 [INFO] ThirdParty:1030 - CMSIS Pack Vendor :STMicroelectronics lwIP 2.0.3
2026-04-13 21:39:40,295 [INFO] ThirdParty:1030 - CMSIS Pack Vendor :Cesanta I-CUBE-Mongoose 7.13.0
2026-04-13 21:39:40,295 [INFO] ThirdParty:1030 - CMSIS Pack Vendor :STMicroelectronics USB_HOST 1.0.0
2026-04-13 21:39:40,295 [INFO] ThirdParty:1030 - CMSIS Pack Vendor :STMicroelectronics X-CUBE-AZRTOS-G4 2.0.0
2026-04-13 21:39:40,295 [INFO] ThirdParty:1030 - CMSIS Pack Vendor :STMicroelectronics X-CUBE-WB05N 2.0.0
2026-04-13 21:39:40,295 [INFO] ThirdParty:1030 - CMSIS Pack Vendor :STMicroelectronics PDM2PCM 3.1.0
2026-04-13 21:39:40,296 [INFO] ThirdParty:1030 - CMSIS Pack Vendor :wolfSSL I-CUBE-wolfTPM 3.8.0
2026-04-13 21:39:40,296 [INFO] ThirdParty:1030 - CMSIS Pack Vendor :wolfSSL I-CUBE-wolfSSH 1.4.20
2026-04-13 21:39:40,296 [INFO] ThirdParty:1030 - CMSIS Pack Vendor :STMicroelectronics X-CUBE-NFC7 2.0.0
2026-04-13 21:39:40,296 [INFO] ThirdParty:1030 - CMSIS Pack Vendor :STMicroelectronics X-CUBE-TCPP 4.2.0
2026-04-13 21:39:40,296 [INFO] ThirdParty:1030 - CMSIS Pack Vendor :RealThread X-CUBE-RT-Thread_Nano 4.1.1
2026-04-13 21:39:40,296 [INFO] ThirdParty:1030 - CMSIS Pack Vendor :STMicroelectronics FP-ATR-SIGFOX1 3.2.0
2026-04-13 21:39:40,296 [INFO] ThirdParty:1030 - CMSIS Pack Vendor :quantropi X-CUBE-qispace-sdk-base 1.9.3
2026-04-13 21:39:40,296 [INFO] ThirdParty:1030 - CMSIS Pack Vendor :STMicroelectronics X-CUBE-EEPRMA1 5.1.0
2026-04-13 21:39:40,296 [INFO] ThirdParty:1030 - CMSIS Pack Vendor :STMicroelectronics X-CUBE-FREERTOS 1.5.0
2026-04-13 21:39:40,296 [INFO] ThirdParty:1030 - CMSIS Pack Vendor :STMicroelectronics MBEDTLS 2.16.2
2026-04-13 21:39:40,296 [INFO] ThirdParty:1030 - CMSIS Pack Vendor :STMicroelectronics X-CUBE-IPS 3.1.0
2026-04-13 21:39:40,296 [INFO] ThirdParty:1030 - CMSIS Pack Vendor :STMicroelectronics X-CUBE-ALS 1.0.2
2026-04-13 21:39:40,296 [INFO] ThirdParty:1030 - CMSIS Pack Vendor :wolfSSL I-CUBE-wolfSSL 5.7.4
2026-04-13 21:39:40,296 [INFO] ThirdParty:1030 - CMSIS Pack Vendor :ITTIA_DB I-CUBE-ITTIADB 8.9.0
2026-04-13 21:39:40,296 [INFO] ThirdParty:1030 - CMSIS Pack Vendor :STMicroelectronics X-CUBE-TOUCHGFX 4.24.1
2026-04-13 21:39:40,296 [INFO] ThirdParty:1030 - CMSIS Pack Vendor :STMicroelectronics X-CUBE-STSE01 1.0.0
2026-04-13 21:39:40,296 [INFO] ThirdParty:1030 - CMSIS Pack Vendor :wolfSSL I-CUBE-wolfTPM 3.4.0
2026-04-13 21:39:40,296 [INFO] ThirdParty:1030 - CMSIS Pack Vendor :portGmbH I-Cube-SoM-uGOAL 1.1.0
2026-04-13 21:39:40,296 [INFO] ThirdParty:1030 - CMSIS Pack Vendor :STMicroelectronics X-CUBE-NFC6 3.2.0
2026-04-13 21:39:40,296 [INFO] ThirdParty:1030 - CMSIS Pack Vendor :STMicroelectronics X-CUBE-ST67W61 1.0.0
2026-04-13 21:39:40,296 [INFO] ThirdParty:1030 - CMSIS Pack Vendor :STMicroelectronics X-CUBE-AI 10.2.0
2026-04-13 21:39:40,296 [INFO] ThirdParty:1030 - CMSIS Pack Vendor :STMicroelectronics ThreadX 1.0.0
2026-04-13 21:39:40,296 [INFO] ThirdParty:1030 - CMSIS Pack Vendor :SEGGER I-CUBE-embOS 1.3.1
2026-04-13 21:39:40,296 [INFO] ThirdParty:1030 - CMSIS Pack Vendor :STMicroelectronics X-CUBE-ALGOBUILD 1.4.0
2026-04-13 21:39:40,296 [INFO] ThirdParty:1030 - CMSIS Pack Vendor :STMicroelectronics X-CUBE-MEMS1 11.3.0
2026-04-13 21:39:40,296 [INFO] ThirdParty:1030 - CMSIS Pack Vendor :STMicroelectronics X-CUBE-AZRTOS-H7RS 1.0.0
2026-04-13 21:39:40,296 [INFO] ThirdParty:1030 - CMSIS Pack Vendor :STMicroelectronics X-CUBE-TOF1 3.4.2
2026-04-13 21:39:40,296 [INFO] ThirdParty:1030 - CMSIS Pack Vendor :STMicroelectronics X-CUBE-TOF1 3.4.3
2026-04-13 21:39:40,296 [INFO] ThirdParty:1030 - CMSIS Pack Vendor :STMicroelectronics X-CUBE-AI 9.1.0
2026-04-13 21:39:40,296 [INFO] ThirdParty:1030 - CMSIS Pack Vendor :wolfSSL I-CUBE-wolfSSH 1.4.17
2026-04-13 21:39:40,296 [INFO] ThirdParty:841 - exiting critical section [change project]
2026-04-13 21:39:40,599 [INFO] PinOutPanel:1589 - setPackage(No Configuration,No Configuration)
2026-04-13 21:39:40,600 [INFO] PinOutPanel:1589 - setPackage(STM32F411VETx,LQFP100)
2026-04-13 21:39:40,971 [INFO] UtilMem:75 - Before build in PCC Used Memory: 960404304 Bytes (1073741824)
2026-04-13 21:39:41,651 [INFO] UtilMem:75 - After build in PCC Used Memory: 839195768 Bytes (1073741824)
2026-04-13 21:39:41,727 [INFO] ApiDbMcu:532 - Load IP Config File for USB_HOST
2026-04-13 21:39:41,729 [WARN] BspModel:444 - BSP dependency skipped because of component: name='IOExpander', api='Unknown'
2026-04-13 21:39:41,758 [INFO] IPUIPlugin:80 - create IPUIPlugin
2026-04-13 21:39:41,758 [INFO] IPUIPlugin:80 - create IPUIPlugin
2026-04-13 21:39:41,758 [INFO] IPUIPlugin:80 - create IPUIPlugin
2026-04-13 21:39:41,758 [INFO] IPUIPlugin:80 - create IPUIPlugin
2026-04-13 21:39:41,758 [INFO] IPUIPlugin:80 - create IPUIPlugin
2026-04-13 21:39:41,759 [INFO] IPUIPlugin:80 - create IPUIPlugin
2026-04-13 21:39:41,759 [INFO] IPUIPlugin:80 - create IPUIPlugin
2026-04-13 21:39:41,759 [INFO] IPUIPlugin:80 - create IPUIPlugin
2026-04-13 21:39:41,759 [INFO] IPUIPlugin:80 - create IPUIPlugin
2026-04-13 21:39:41,759 [INFO] IPUIPlugin:80 - create IPUIPlugin
2026-04-13 21:39:41,759 [INFO] IPUIPlugin:80 - create IPUIPlugin
2026-04-13 21:39:41,759 [INFO] IPUIPlugin:80 - create IPUIPlugin
2026-04-13 21:39:41,759 [INFO] IPUIPlugin:80 - create IPUIPlugin
2026-04-13 21:39:41,761 [INFO] IPUIPlugin:80 - create IPUIPlugin
2026-04-13 21:39:41,761 [INFO] IPUIPlugin:80 - create IPUIPlugin
2026-04-13 21:39:41,762 [INFO] IPUIPlugin:80 - create IPUIPlugin
2026-04-13 21:39:41,762 [INFO] IPUIPlugin:80 - create IPUIPlugin
2026-04-13 21:39:41,762 [INFO] IPUIPlugin:80 - create IPUIPlugin
2026-04-13 21:39:41,762 [INFO] IPUIPlugin:80 - create IPUIPlugin
2026-04-13 21:39:41,763 [INFO] IPUIPlugin:80 - create IPUIPlugin
2026-04-13 21:39:41,763 [INFO] IPUIPlugin:80 - create IPUIPlugin
2026-04-13 21:39:41,763 [INFO] IPUIPlugin:80 - create IPUIPlugin
2026-04-13 21:39:41,763 [INFO] IPUIPlugin:80 - create IPUIPlugin
2026-04-13 21:39:41,764 [INFO] IPUIPlugin:80 - create IPUIPlugin
2026-04-13 21:39:41,764 [INFO] IPUIPlugin:80 - create IPUIPlugin
2026-04-13 21:39:41,764 [INFO] IPUIPlugin:80 - create IPUIPlugin
2026-04-13 21:39:41,764 [INFO] IPUIPlugin:80 - create IPUIPlugin
2026-04-13 21:39:41,764 [INFO] IPUIPlugin:80 - create IPUIPlugin
2026-04-13 21:39:41,764 [INFO] IPUIPlugin:80 - create IPUIPlugin
2026-04-13 21:39:41,765 [INFO] IPUIPlugin:80 - create IPUIPlugin
2026-04-13 21:39:41,765 [INFO] IPUIPlugin:80 - create IPUIPlugin
2026-04-13 21:39:41,765 [INFO] IPUIPlugin:80 - create IPUIPlugin
2026-04-13 21:39:41,765 [INFO] IPUIPlugin:80 - create IPUIPlugin
2026-04-13 21:39:41,765 [INFO] IPUIPlugin:80 - create IPUIPlugin
2026-04-13 21:39:41,765 [INFO] IPUIPlugin:80 - create IPUIPlugin
2026-04-13 21:39:41,765 [INFO] IPUIPlugin:80 - create IPUIPlugin
2026-04-13 21:39:41,765 [INFO] IPUIPlugin:80 - create IPUIPlugin
2026-04-13 21:39:41,765 [INFO] IPUIPlugin:80 - create IPUIPlugin
2026-04-13 21:39:41,766 [INFO] IPUIPlugin:80 - create IPUIPlugin
2026-04-13 21:39:41,766 [INFO] IPUIPlugin:80 - create IPUIPlugin
2026-04-13 21:39:41,766 [INFO] IPUIPlugin:80 - create IPUIPlugin
2026-04-13 21:39:41,766 [INFO] IPUIPlugin:80 - create IPUIPlugin
2026-04-13 21:39:41,768 [INFO] IPUIPlugin:80 - create IPUIPlugin
2026-04-13 21:39:41,780 [INFO] ApiDbMcu:532 - Load IP Config File for PDM2PCM
2026-04-13 21:39:41,787 [WARN] IP:2250 - I2C_Coeff_DF not found: check if there is a RefParameter without a condition.
2026-04-13 21:39:41,787 [WARN] IP:2250 - Analog_Filter not found: check if there is a RefParameter without a condition.
2026-04-13 21:39:41,799 [INFO] I2sManager:658 - 1.6E8
2026-04-13 21:39:41,799 [INFO] I2sManager:195 - I2S Clock Value : 1.6E8
2026-04-13 21:39:41,802 [INFO] I2sManager:553 - AudioClock : 96153Divider : 26Odd : 0
2026-04-13 21:39:41,804 [INFO] I2sManager:658 - 1.6E8
2026-04-13 21:39:41,804 [INFO] I2sManager:195 - I2S Clock Value : 1.6E8
2026-04-13 21:39:41,804 [INFO] I2sManager:553 - AudioClock : 89285Divider : 3Odd : 1
2026-04-13 21:39:42,005 [INFO] CADModel:165 - CPN selected for project levelSTM32F411VET6
2026-04-13 21:39:42,005 [INFO] CADModel:114 - Register for checkConnection events
2026-04-13 21:39:42,053 [INFO] OpenFileManager:386 - Restore cursor
2026-04-13 21:39:42,264 [WARN] IP:2250 - I2C_Coeff_DF not found: check if there is a RefParameter without a condition.
2026-04-13 21:39:42,265 [WARN] IP:2250 - Analog_Filter not found: check if there is a RefParameter without a condition.
2026-04-13 21:39:42,265 [WARN] IP:2250 - I2C_Coeff_DF not found: check if there is a RefParameter without a condition.
2026-04-13 21:39:42,265 [WARN] IP:2250 - Analog_Filter not found: check if there is a RefParameter without a condition.
2026-04-13 21:39:42,874 [INFO] UtilMem:75 - End SaveConfig() Used Memory: 795298288 Bytes (1073741824)
2026-04-13 21:39:42,968 [INFO] UtilMem:75 - End SaveConfig() Used Memory: 812075504 Bytes (1073741824)
2026-04-13 21:39:43,486 [INFO] BlockDiagram:2775 - set Specific Code input for plugin: SPI
2026-04-13 21:39:43,486 [INFO] BlockDiagram:2775 - set Specific Code input for plugin: USB_OTG_FS
2026-04-13 21:39:43,487 [INFO] BlockDiagram:2775 - set Specific Code input for plugin: NVIC
2026-04-13 21:39:43,487 [INFO] BlockDiagram:2775 - set Specific Code input for plugin: USB_HOST
2026-04-13 21:39:43,487 [INFO] BlockDiagram:2775 - set Specific Code input for plugin: I2S
2026-04-13 21:39:43,487 [INFO] BlockDiagram:2775 - set Specific Code input for plugin: I2S
2026-04-13 21:39:43,487 [INFO] BlockDiagram:2775 - set Specific Code input for plugin: SYS
2026-04-13 21:39:43,487 [INFO] BlockDiagram:2775 - set Specific Code input for plugin: GPIO
2026-04-13 21:39:43,487 [INFO] BlockDiagram:2775 - set Specific Code input for plugin: RCC
2026-04-13 21:39:43,487 [INFO] BlockDiagram:2775 - set Specific Code input for plugin: I2C
2026-04-13 21:39:43,489 [INFO] CodeGenerator:892 - code generatio: config db path: C:\ST\STM32CubeIDE_1.19.0\STM32CubeIDE\plugins\com.st.stm32cube.common.mx_6.15.0.202507011659\\db\
2026-04-13 21:39:43,497 [WARN] IP:2250 - I2C_Coeff_DF not found: check if there is a RefParameter without a condition.
2026-04-13 21:39:43,497 [WARN] IP:2250 - Analog_Filter not found: check if there is a RefParameter without a condition.
2026-04-13 21:39:43,717 [INFO] CodeEngine:265 - oldGeneratedFile, C:\Users\Usuario\Downloads\2025_2026\sed\prueba\lcdi2c\MXTmpFiles\license.tmp_save
2026-04-13 21:39:44,277 [INFO] CodeEngine:289 - Generated code: C:\Users\Usuario\Downloads\2025_2026\sed\prueba\lcdi2c\MXTmpFiles\license.tmp
2026-04-13 21:39:44,465 [INFO] CodeEngine:265 - oldGeneratedFile, C:\Users\Usuario\Downloads\2025_2026\sed\prueba\lcdi2c\MXTmpFiles\gpio.tmp_save
2026-04-13 21:39:44,684 [INFO] CodeEngine:289 - Generated code: C:\Users\Usuario\Downloads\2025_2026\sed\prueba\lcdi2c\MXTmpFiles\gpio.tmp
2026-04-13 21:39:44,957 [WARN] IPConfigManager:3238 - Warning: the RefConfig PWREx_EnableUSBVoltageDetector is not available in your config.xml file
2026-04-13 21:39:44,978 [INFO] CodeEngine:265 - oldGeneratedFile, C:\Users\Usuario\Downloads\2025_2026\sed\prueba\lcdi2c\MXTmpFiles\usb_otg_fs_vars.tmp_save
2026-04-13 21:39:45,149 [INFO] CodeEngine:289 - Generated code: C:\Users\Usuario\Downloads\2025_2026\sed\prueba\lcdi2c\MXTmpFiles\usb_otg_fs_vars.tmp
2026-04-13 21:39:45,163 [INFO] CodeEngine:265 - oldGeneratedFile, C:\Users\Usuario\Downloads\2025_2026\sed\prueba\lcdi2c\MXTmpFiles\usb_otg_fs_inc.tmp_save
2026-04-13 21:39:45,261 [INFO] CodeEngine:289 - Generated code: C:\Users\Usuario\Downloads\2025_2026\sed\prueba\lcdi2c\MXTmpFiles\usb_otg_fs_inc.tmp
2026-04-13 21:39:45,276 [INFO] CodeEngine:265 - oldGeneratedFile, C:\Users\Usuario\Downloads\2025_2026\sed\prueba\lcdi2c\MXTmpFiles\usb_otg_fs_HalInit.tmp_save
2026-04-13 21:39:45,435 [INFO] CodeEngine:289 - Generated code: C:\Users\Usuario\Downloads\2025_2026\sed\prueba\lcdi2c\MXTmpFiles\usb_otg_fs_HalInit.tmp
2026-04-13 21:39:45,445 [INFO] CodeEngine:265 - oldGeneratedFile, C:\Users\Usuario\Downloads\2025_2026\sed\prueba\lcdi2c\MXTmpFiles\usb_otg_fs_Msp.tmp_save
2026-04-13 21:39:45,574 [INFO] CodeEngine:289 - Generated code: C:\Users\Usuario\Downloads\2025_2026\sed\prueba\lcdi2c\MXTmpFiles\usb_otg_fs_Msp.tmp
2026-04-13 21:39:46,239 [INFO] CodeEngine:265 - oldGeneratedFile, C:\Users\Usuario\Downloads\2025_2026\sed\prueba\lcdi2c\USB_HOST\App\usb_host.c_save
2026-04-13 21:39:46,434 [INFO] CodeEngine:289 - Generated code: C:\Users\Usuario\Downloads\2025_2026\sed\prueba\lcdi2c\USB_HOST\App\usb_host.c
2026-04-13 21:39:46,457 [INFO] CodeEngine:265 - oldGeneratedFile, C:\Users\Usuario\Downloads\2025_2026\sed\prueba\lcdi2c\USB_HOST\App\usb_host.h_save
2026-04-13 21:39:46,569 [INFO] CodeEngine:289 - Generated code: C:\Users\Usuario\Downloads\2025_2026\sed\prueba\lcdi2c\USB_HOST\App\usb_host.h
2026-04-13 21:39:46,586 [INFO] CodeEngine:265 - oldGeneratedFile, C:\Users\Usuario\Downloads\2025_2026\sed\prueba\lcdi2c\USB_HOST\Target\usbh_conf.h_save
2026-04-13 21:39:46,778 [INFO] CodeEngine:289 - Generated code: C:\Users\Usuario\Downloads\2025_2026\sed\prueba\lcdi2c\USB_HOST\Target\usbh_conf.h
2026-04-13 21:39:46,794 [INFO] CodeEngine:265 - oldGeneratedFile, C:\Users\Usuario\Downloads\2025_2026\sed\prueba\lcdi2c\USB_HOST\Target\usbh_conf.c_save
2026-04-13 21:39:46,941 [INFO] CodeEngine:289 - Generated code: C:\Users\Usuario\Downloads\2025_2026\sed\prueba\lcdi2c\USB_HOST\Target\usbh_conf.c
2026-04-13 21:39:46,953 [INFO] CodeEngine:265 - oldGeneratedFile, C:\Users\Usuario\Downloads\2025_2026\sed\prueba\lcdi2c\USB_HOST\Target\usbh_platform.c_save
2026-04-13 21:39:47,098 [INFO] CodeEngine:289 - Generated code: C:\Users\Usuario\Downloads\2025_2026\sed\prueba\lcdi2c\USB_HOST\Target\usbh_platform.c
2026-04-13 21:39:47,117 [INFO] CodeEngine:265 - oldGeneratedFile, C:\Users\Usuario\Downloads\2025_2026\sed\prueba\lcdi2c\USB_HOST\Target\usbh_platform.h_save
2026-04-13 21:39:47,220 [INFO] CodeEngine:289 - Generated code: C:\Users\Usuario\Downloads\2025_2026\sed\prueba\lcdi2c\USB_HOST\Target\usbh_platform.h
2026-04-13 21:39:47,249 [INFO] CodeEngine:265 - oldGeneratedFile, C:\Users\Usuario\Downloads\2025_2026\sed\prueba\lcdi2c\Core\Src\stm32f4xx_it.c_save
2026-04-13 21:39:47,429 [INFO] CodeEngine:289 - Generated code: C:\Users\Usuario\Downloads\2025_2026\sed\prueba\lcdi2c\Core\Src\stm32f4xx_it.c
2026-04-13 21:39:47,445 [INFO] CodeEngine:265 - oldGeneratedFile, C:\Users\Usuario\Downloads\2025_2026\sed\prueba\lcdi2c\Core\Inc\stm32f4xx_it.h_save
2026-04-13 21:39:47,609 [INFO] CodeEngine:289 - Generated code: C:\Users\Usuario\Downloads\2025_2026\sed\prueba\lcdi2c\Core\Inc\stm32f4xx_it.h
2026-04-13 21:39:47,660 [INFO] CodeEngine:265 - oldGeneratedFile, C:\Users\Usuario\Downloads\2025_2026\sed\prueba\lcdi2c\Core\Src\stm32f4xx_hal_msp.c_save
2026-04-13 21:39:47,824 [INFO] CodeEngine:289 - Generated code: C:\Users\Usuario\Downloads\2025_2026\sed\prueba\lcdi2c\Core\Src\stm32f4xx_hal_msp.c
2026-04-13 21:39:47,848 [INFO] CodeEngine:265 - oldGeneratedFile, C:\Users\Usuario\Downloads\2025_2026\sed\prueba\lcdi2c\MXTmpFiles\system.tmp_save
2026-04-13 21:39:47,962 [INFO] CodeEngine:289 - Generated code: C:\Users\Usuario\Downloads\2025_2026\sed\prueba\lcdi2c\MXTmpFiles\system.tmp
2026-04-13 21:39:48,005 [INFO] CodeEngine:321 - oldGeneratedFile, C:\Users\Usuario\Downloads\2025_2026\sed\prueba\lcdi2c\Core\Inc\stm32f4xx_hal_conf.h_save
2026-04-13 21:39:48,169 [INFO] CodeEngine:345 - Generated code: C:\Users\Usuario\Downloads\2025_2026\sed\prueba\lcdi2c\Core\Inc\stm32f4xx_hal_conf.h
2026-04-13 21:39:48,284 [INFO] ApiDbMcu:532 - Load IP Config File for I2C1
2026-04-13 21:39:48,298 [INFO] ApiDbMcu:532 - Load IP Config File for I2S2
2026-04-13 21:39:48,310 [INFO] ApiDbMcu:532 - Load IP Config File for I2S3
2026-04-13 21:39:48,319 [INFO] ApiDbMcu:532 - Load IP Config File for SPI1
2026-04-13 21:39:48,331 [INFO] ApiDbMcu:532 - Load IP Config File for RCC
2026-04-13 21:39:48,371 [INFO] CodeEngine:265 - oldGeneratedFile, C:\Users\Usuario\Downloads\2025_2026\sed\prueba\lcdi2c\Core\Inc\main.h_save
2026-04-13 21:39:48,519 [INFO] CodeEngine:289 - Generated code: C:\Users\Usuario\Downloads\2025_2026\sed\prueba\lcdi2c\Core\Inc\main.h
2026-04-13 21:39:48,532 [INFO] CodeEngine:265 - oldGeneratedFile, C:\Users\Usuario\Downloads\2025_2026\sed\prueba\lcdi2c\Core\Src\main.c_save
2026-04-13 21:39:48,725 [INFO] CodeEngine:289 - Generated code: C:\Users\Usuario\Downloads\2025_2026\sed\prueba\lcdi2c\Core\Src\main.c
2026-04-13 21:39:49,651 [INFO] ProjectBuilder:3606 - Time for Copy HAL[1] : 569mS.
2026-04-13 21:39:49,675 [INFO] ProjectBuilder:5216 - Project Generator version: 4.7.0-B52
2026-04-13 21:39:49,803 [INFO] ConfigFileManager:1595 - The Die is : DIE431
2026-04-13 21:39:49,818 [INFO] ApiDbMcu:532 - Load IP Config File for FATFS
2026-04-13 21:39:49,870 [INFO] ApiDbMcu:532 - Load IP Config File for FREERTOS
2026-04-13 21:39:49,880 [INFO] ApiDbMcu:532 - Load IP Config File for LIBJPEG
2026-04-13 21:39:49,965 [INFO] ApiDbMcu:532 - Load IP Config File for MBEDTLS
2026-04-13 21:39:50,038 [INFO] ApiDbMcu:532 - Load IP Config File for USB_DEVICE
2026-04-13 21:39:50,773 [INFO] LogOutputStream:77 - [STDOUT_REDIRECT] 
2026-04-13 21:39:54,856 [INFO] ProjectBuilder:5496 - Time for Generating toolchain IDE Files: 5185mS.
2026-04-13 21:39:54,863 [INFO] ProjectBuilder:3463 - Time for Copy CMSIS : 6mS.
2026-04-13 21:39:54,880 [INFO] ProjectBuilder:3463 - Time for Copy CMSIS : 0mS.
2026-04-13 21:39:55,681 [INFO] McuFinderGlobals:76 - Set McuFinderConnectedMode to true
2026-04-13 21:39:55,686 [INFO] ApiDb:448 - Save user favorites file C:\Users\Usuario/.stm32cubeide/favorites.mcus.txt: 0 item(s)
2026-04-13 21:39:55,687 [INFO] ApiDb:452 - User favorites MCUs=[]
2026-04-13 21:39:55,689 [INFO] ApiDb:448 - Save user favorites file C:\Users\Usuario/.stm32cubeide/favorites.boards.txt: 1 item(s)
2026-04-13 21:39:55,689 [INFO] ApiDb:452 - User favorites Boards=[STM32F411E-DISCO]
2026-04-13 21:47:51,223 [INFO] I2sManager:658 - 1.6E8
2026-04-13 21:47:51,223 [INFO] I2sManager:195 - I2S Clock Value : 1.6E8
2026-04-13 21:47:51,224 [INFO] I2sManager:553 - AudioClock : 96153Divider : 26Odd : 0
2026-04-13 21:47:51,224 [INFO] I2sManager:658 - 1.6E8
2026-04-13 21:47:51,224 [INFO] I2sManager:195 - I2S Clock Value : 1.6E8
2026-04-13 21:47:51,224 [INFO] I2sManager:553 - AudioClock : 89285Divider : 3Odd : 1
2026-04-13 21:48:27,029 [WARN] IP:2250 - I2C_Coeff_DF not found: check if there is a RefParameter without a condition.
2026-04-13 21:48:27,029 [WARN] IP:2250 - Analog_Filter not found: check if there is a RefParameter without a condition.
2026-04-13 21:48:27,030 [WARN] IP:2250 - I2C_Coeff_DF not found: check if there is a RefParameter without a condition.
2026-04-13 21:48:27,030 [WARN] IP:2250 - Analog_Filter not found: check if there is a RefParameter without a condition.
2026-04-13 21:48:27,170 [WARN] IP:2250 - I2C_Coeff_DF not found: check if there is a RefParameter without a condition.
2026-04-13 21:48:27,170 [WARN] IP:2250 - Analog_Filter not found: check if there is a RefParameter without a condition.
2026-04-13 21:50:10,979 [ERROR] LogOutputStream:75 - [STDERR_REDIRECT] Exception in thread "AWT-EventQueue-0" java.lang.ClassCastException: class sun.awt.windows.WEmbeddedFrame cannot be cast to class javax.swing.JFrame (sun.awt.windows.WEmbeddedFrame and javax.swing.JFrame are in module java.desktop of loader 'bootstrap')
2026-04-13 21:50:10,981 [ERROR] LogOutputStream:75 - [STDERR_REDIRECT] 	at com.st.microxplorer.plugins.clock.ClockConfigurationView.activatePlugin(ClockConfigurationView.java:424)
2026-04-13 21:50:10,984 [ERROR] LogOutputStream:75 - [STDERR_REDIRECT] 	at com.st.microxplorer.maingui.MainPanel$1.stateChanged(MainPanel.java:385)
2026-04-13 21:50:10,985 [ERROR] LogOutputStream:75 - [STDERR_REDIRECT] 	at java.desktop/javax.swing.JTabbedPane.fireStateChanged(JTabbedPane.java:446)
2026-04-13 21:50:10,987 [ERROR] LogOutputStream:75 - [STDERR_REDIRECT] 	at java.desktop/javax.swing.JTabbedPane$ModelListener.stateChanged(JTabbedPane.java:297)
2026-04-13 21:50:10,988 [ERROR] LogOutputStream:75 - [STDERR_REDIRECT] 	at java.desktop/javax.swing.DefaultSingleSelectionModel.fireStateChanged(DefaultSingleSelectionModel.java:148)
2026-04-13 21:50:10,990 [ERROR] LogOutputStream:75 - [STDERR_REDIRECT] 	at java.desktop/javax.swing.DefaultSingleSelectionModel.setSelectedIndex(DefaultSingleSelectionModel.java:79)
2026-04-13 21:50:10,992 [ERROR] LogOutputStream:75 - [STDERR_REDIRECT] 	at java.desktop/javax.swing.JTabbedPane.setSelectedIndexImpl(JTabbedPane.java:650)
2026-04-13 21:50:10,993 [ERROR] LogOutputStream:75 - [STDERR_REDIRECT] 	at java.desktop/javax.swing.JTabbedPane.setSelectedIndex(JTabbedPane.java:625)
2026-04-13 21:50:10,995 [ERROR] LogOutputStream:75 - [STDERR_REDIRECT] 	at java.desktop/javax.swing.plaf.basic.BasicTabbedPaneUI$Handler.mousePressed(BasicTabbedPaneUI.java:4140)
2026-04-13 21:50:10,996 [ERROR] LogOutputStream:75 - [STDERR_REDIRECT] 	at java.desktop/java.awt.Component.processMouseEvent(Component.java:6618)
2026-04-13 21:50:10,997 [ERROR] LogOutputStream:75 - [STDERR_REDIRECT] 	at java.desktop/javax.swing.JComponent.processMouseEvent(JComponent.java:3398)
2026-04-13 21:50:10,997 [ERROR] LogOutputStream:75 - [STDERR_REDIRECT] 	at java.desktop/java.awt.Component.processEvent(Component.java:6386)
2026-04-13 21:50:10,998 [ERROR] LogOutputStream:75 - [STDERR_REDIRECT] 	at java.desktop/java.awt.Container.processEvent(Container.java:2266)
2026-04-13 21:50:10,998 [ERROR] LogOutputStream:75 - [STDERR_REDIRECT] 	at java.desktop/java.awt.Component.dispatchEventImpl(Component.java:4996)
2026-04-13 21:50:10,999 [ERROR] LogOutputStream:75 - [STDERR_REDIRECT] 	at java.desktop/java.awt.Container.dispatchEventImpl(Container.java:2324)
2026-04-13 21:50:11,000 [ERROR] LogOutputStream:75 - [STDERR_REDIRECT] 	at java.desktop/java.awt.Component.dispatchEvent(Component.java:4828)
2026-04-13 21:50:11,000 [ERROR] LogOutputStream:75 - [STDERR_REDIRECT] 	at java.desktop/java.awt.LightweightDispatcher.retargetMouseEvent(Container.java:4948)
2026-04-13 21:50:11,001 [ERROR] LogOutputStream:75 - [STDERR_REDIRECT] 	at java.desktop/java.awt.LightweightDispatcher.processMouseEvent(Container.java:4572)
2026-04-13 21:50:11,002 [ERROR] LogOutputStream:75 - [STDERR_REDIRECT] 	at java.desktop/java.awt.LightweightDispatcher.dispatchEvent(Container.java:4516)
2026-04-13 21:50:11,002 [ERROR] LogOutputStream:75 - [STDERR_REDIRECT] 	at java.desktop/java.awt.Container.dispatchEventImpl(Container.java:2310)
2026-04-13 21:50:11,003 [ERROR] LogOutputStream:75 - [STDERR_REDIRECT] 	at java.desktop/java.awt.Component.dispatchEvent(Component.java:4828)
2026-04-13 21:50:11,003 [ERROR] LogOutputStream:75 - [STDERR_REDIRECT] 	at java.desktop/java.awt.EventQueue.dispatchEventImpl(EventQueue.java:775)
2026-04-13 21:50:11,004 [ERROR] LogOutputStream:75 - [STDERR_REDIRECT] 	at java.desktop/java.awt.EventQueue$4.run(EventQueue.java:720)
2026-04-13 21:50:11,005 [ERROR] LogOutputStream:75 - [STDERR_REDIRECT] 	at java.desktop/java.awt.EventQueue$4.run(EventQueue.java:714)
2026-04-13 21:50:11,006 [ERROR] LogOutputStream:75 - [STDERR_REDIRECT] 	at java.base/java.security.AccessController.doPrivileged(AccessController.java:400)
2026-04-13 21:50:11,008 [ERROR] LogOutputStream:75 - [STDERR_REDIRECT] 	at java.base/java.security.ProtectionDomain$JavaSecurityAccessImpl.doIntersectionPrivilege(ProtectionDomain.java:87)
2026-04-13 21:50:11,009 [ERROR] LogOutputStream:75 - [STDERR_REDIRECT] 	at java.base/java.security.ProtectionDomain$JavaSecurityAccessImpl.doIntersectionPrivilege(ProtectionDomain.java:98)
2026-04-13 21:50:11,009 [ERROR] LogOutputStream:75 - [STDERR_REDIRECT] 	at java.desktop/java.awt.EventQueue$5.run(EventQueue.java:747)
2026-04-13 21:50:11,011 [ERROR] LogOutputStream:75 - [STDERR_REDIRECT] 	at java.desktop/java.awt.EventQueue$5.run(EventQueue.java:745)
2026-04-13 21:50:11,011 [ERROR] LogOutputStream:75 - [STDERR_REDIRECT] 	at java.base/java.security.AccessController.doPrivileged(AccessController.java:400)
2026-04-13 21:50:11,012 [ERROR] LogOutputStream:75 - [STDERR_REDIRECT] 	at java.base/java.security.ProtectionDomain$JavaSecurityAccessImpl.doIntersectionPrivilege(ProtectionDomain.java:87)
2026-04-13 21:50:11,013 [ERROR] LogOutputStream:75 - [STDERR_REDIRECT] 	at java.desktop/java.awt.EventQueue.dispatchEvent(EventQueue.java:744)
2026-04-13 21:50:11,013 [ERROR] LogOutputStream:75 - [STDERR_REDIRECT] 	at java.desktop/java.awt.EventDispatchThread.pumpOneEventForFilters(EventDispatchThread.java:203)
2026-04-13 21:50:11,015 [ERROR] LogOutputStream:75 - [STDERR_REDIRECT] 	at java.desktop/java.awt.EventDispatchThread.pumpEventsForFilter(EventDispatchThread.java:124)
2026-04-13 21:50:11,016 [ERROR] LogOutputStream:75 - [STDERR_REDIRECT] 	at java.desktop/java.awt.EventDispatchThread.pumpEventsForHierarchy(EventDispatchThread.java:113)
2026-04-13 21:50:11,016 [ERROR] LogOutputStream:75 - [STDERR_REDIRECT] 	at java.desktop/java.awt.EventDispatchThread.pumpEvents(EventDispatchThread.java:109)
2026-04-13 21:50:11,017 [ERROR] LogOutputStream:75 - [STDERR_REDIRECT] 	at java.desktop/java.awt.EventDispatchThread.pumpEvents(EventDispatchThread.java:101)
2026-04-13 21:50:11,019 [ERROR] LogOutputStream:75 - [STDERR_REDIRECT] 	at java.desktop/java.awt.EventDispatchThread.run(EventDispatchThread.java:90)
2026-04-13 21:50:13,738 [WARN] IP:2250 - I2C_Coeff_DF not found: check if there is a RefParameter without a condition.
2026-04-13 21:50:13,738 [WARN] IP:2250 - Analog_Filter not found: check if there is a RefParameter without a condition.
2026-04-13 21:50:13,738 [WARN] IP:2250 - I2C_Coeff_DF not found: check if there is a RefParameter without a condition.
2026-04-13 21:50:13,738 [WARN] IP:2250 - Analog_Filter not found: check if there is a RefParameter without a condition.
2026-04-13 21:50:27,124 [INFO] UtilMem:75 - End SaveConfig() Used Memory: 854147272 Bytes (1073741824)
2026-04-13 21:50:28,436 [INFO] UtilMem:75 - End SaveConfig() Used Memory: 898803304 Bytes (1073741824)
2026-04-13 21:50:30,069 [INFO] UtilMem:75 - End SaveConfig() Used Memory: 934439024 Bytes (1073741824)
2026-04-13 21:50:30,268 [INFO] BlockDiagram:2775 - set Specific Code input for plugin: NVIC
2026-04-13 21:50:30,269 [INFO] BlockDiagram:2775 - set Specific Code input for plugin: SYS
2026-04-13 21:50:30,269 [INFO] BlockDiagram:2775 - set Specific Code input for plugin: GPIO
2026-04-13 21:50:30,269 [INFO] BlockDiagram:2775 - set Specific Code input for plugin: RCC
2026-04-13 21:50:30,269 [INFO] BlockDiagram:2775 - set Specific Code input for plugin: I2C
2026-04-13 21:50:30,270 [INFO] CodeGenerator:892 - code generatio: config db path: C:\ST\STM32CubeIDE_1.19.0\STM32CubeIDE\plugins\com.st.stm32cube.common.mx_6.15.0.202507011659\\db\
2026-04-13 21:50:30,271 [WARN] IP:2250 - I2C_Coeff_DF not found: check if there is a RefParameter without a condition.
2026-04-13 21:50:30,271 [WARN] IP:2250 - Analog_Filter not found: check if there is a RefParameter without a condition.
2026-04-13 21:50:30,398 [INFO] CodeEngine:265 - oldGeneratedFile, C:\Users\Usuario\Downloads\2025_2026\sed\prueba\lcdi2c\MXTmpFiles\license.tmp_save
2026-04-13 21:50:30,621 [INFO] CodeEngine:289 - Generated code: C:\Users\Usuario\Downloads\2025_2026\sed\prueba\lcdi2c\MXTmpFiles\license.tmp
2026-04-13 21:50:30,661 [INFO] CodeEngine:265 - oldGeneratedFile, C:\Users\Usuario\Downloads\2025_2026\sed\prueba\lcdi2c\MXTmpFiles\gpio.tmp_save
2026-04-13 21:50:30,755 [INFO] CodeEngine:289 - Generated code: C:\Users\Usuario\Downloads\2025_2026\sed\prueba\lcdi2c\MXTmpFiles\gpio.tmp
2026-04-13 21:50:30,820 [INFO] CodeEngine:265 - oldGeneratedFile, C:\Users\Usuario\Downloads\2025_2026\sed\prueba\lcdi2c\Core\Src\stm32f4xx_it.c_save
2026-04-13 21:50:31,089 [INFO] CodeEngine:289 - Generated code: C:\Users\Usuario\Downloads\2025_2026\sed\prueba\lcdi2c\Core\Src\stm32f4xx_it.c
2026-04-13 21:50:31,117 [INFO] CodeEngine:265 - oldGeneratedFile, C:\Users\Usuario\Downloads\2025_2026\sed\prueba\lcdi2c\Core\Inc\stm32f4xx_it.h_save
2026-04-13 21:50:31,205 [INFO] CodeEngine:289 - Generated code: C:\Users\Usuario\Downloads\2025_2026\sed\prueba\lcdi2c\Core\Inc\stm32f4xx_it.h
2026-04-13 21:50:31,232 [INFO] CodeEngine:265 - oldGeneratedFile, C:\Users\Usuario\Downloads\2025_2026\sed\prueba\lcdi2c\Core\Src\stm32f4xx_hal_msp.c_save
2026-04-13 21:50:31,366 [INFO] CodeEngine:289 - Generated code: C:\Users\Usuario\Downloads\2025_2026\sed\prueba\lcdi2c\Core\Src\stm32f4xx_hal_msp.c
2026-04-13 21:50:31,376 [INFO] CodeEngine:265 - oldGeneratedFile, C:\Users\Usuario\Downloads\2025_2026\sed\prueba\lcdi2c\MXTmpFiles\system.tmp_save
2026-04-13 21:50:31,446 [INFO] CodeEngine:289 - Generated code: C:\Users\Usuario\Downloads\2025_2026\sed\prueba\lcdi2c\MXTmpFiles\system.tmp
2026-04-13 21:50:31,469 [INFO] CodeEngine:321 - oldGeneratedFile, C:\Users\Usuario\Downloads\2025_2026\sed\prueba\lcdi2c\Core\Inc\stm32f4xx_hal_conf.h_save
2026-04-13 21:50:31,556 [INFO] CodeEngine:345 - Generated code: C:\Users\Usuario\Downloads\2025_2026\sed\prueba\lcdi2c\Core\Inc\stm32f4xx_hal_conf.h
2026-04-13 21:50:31,607 [INFO] CodeEngine:265 - oldGeneratedFile, C:\Users\Usuario\Downloads\2025_2026\sed\prueba\lcdi2c\Core\Inc\main.h_save
2026-04-13 21:50:31,728 [INFO] CodeEngine:289 - Generated code: C:\Users\Usuario\Downloads\2025_2026\sed\prueba\lcdi2c\Core\Inc\main.h
2026-04-13 21:50:31,748 [INFO] CodeEngine:265 - oldGeneratedFile, C:\Users\Usuario\Downloads\2025_2026\sed\prueba\lcdi2c\Core\Src\main.c_save
2026-04-13 21:50:31,905 [INFO] CodeEngine:289 - Generated code: C:\Users\Usuario\Downloads\2025_2026\sed\prueba\lcdi2c\Core\Src\main.c
2026-04-13 21:50:32,737 [INFO] ProjectBuilder:3606 - Time for Copy HAL[1] : 524mS.
2026-04-13 21:50:32,747 [INFO] ProjectBuilder:5216 - Project Generator version: 4.7.0-B52
2026-04-13 21:50:32,932 [INFO] ConfigFileManager:1595 - The Die is : DIE431
2026-04-13 21:50:35,067 [INFO] ProjectBuilder:5496 - Time for Generating toolchain IDE Files: 2321mS.
2026-04-13 21:50:35,069 [INFO] ProjectBuilder:3463 - Time for Copy CMSIS : 2mS.
2026-04-13 21:50:35,075 [INFO] ProjectBuilder:3463 - Time for Copy CMSIS : 0mS.
2026-04-13 22:21:51,342 [ERROR] LogOutputStream:75 - [STDERR_REDIRECT] 
